Property Name,Portfolio Manager ID,Property Type - Self-Selected,Gross Floor Area
F.J. Horgan Water Treatment Plant,35000838,Utilities / Infrastructure,325447
Island Water Treatment Plant,35000839,Utilities / Infrastructure,64196
W.H. Johnston Pumping Station,35000836,Utilities / Infrastructure,1744
West Toronto Pumping Station,35000837,Utilities / Infrastructure,7739
St. Albans Pumping Station,35000834,Utilities / Infrastructure,3240
Thornhill Pumping Station,35000835,Utilities / Infrastructure,1550
Rosehill Pumping Station,35000832,Utilities / Infrastructure,1550
Scarborough Pumping Station,35000833,Utilities / Infrastructure,9160
R.C. Harris Water Treatment Plant,35000840,Utilities / Infrastructure,115368
R.L. Clark Water Treatment Plant,35000841,Utilities / Infrastructure,401612
Glasgow St Parkette,35058294,Other-Public Services,3064
Maryvale Library,35000342,Education & Social Services,4421
McGregor Park Library,35000343,Education & Social Services,7793
Main Street Library,35000340,Education & Social Services,8664
Maria A Shchuka Library,35000341,Education & Social Services,25475
Locke Library,35000338,Education & Social Services,11647
Long Branch Library,35000339,Education & Social Services,6418
Leaside Library,35000336,Education & Social Services,12000
Lillian H Smith Library,35000337,Education & Social Services,38935
North York Central Library,35000350,Education & Social Services,168022
Northern District Library,35000351,Education & Social Services,117452
New Toronto Library,35000348,Education & Social Services,9925
North York Admin Services,35000349,Education & Social Services,28000
Mount Dennis Library,35000346,Education & Social Services,11350
Mount Pleasant Library,35000347,Education & Social Services,5829
Mimico Library,35000344,Education & Social Services,17469
Morningside Library,35000345,Education & Social Services,7000
Guildwood Library,35000326,Education & Social Services,3010
High Park Library,35000327,Education & Social Services,8850
Gerrard Ashdale Library,35000324,Education & Social Services,6504
Goldhawk Park Library,35000325,Education & Social Services,8000
Fairview Mall Library,35000322,Education & Social Services,69458
Fort York Library,35000323,Education & Social Services,16008
Elmbrook Park Library,35000320,Education & Social Services,3600
Evelyn Gregory Library,35000321,Education & Social Services,6200
Jones Library,35000334,Education & Social Services,3636
Kennedy Eglinton Library,35000335,Education & Social Services,6713
Jane & Dundas Library,35000332,Education & Social Services,11955
Jane Sheppard Library,35000333,Education & Social Services,7000
Humber Bay Library,35000330,Education & Social Services,2400
Humber Summit Library,35000331,Education & Social Services,9040
Highland Creek Library,35000328,Education & Social Services,7000
Hillcrest Library,35000329,Education & Social Services,7473
Toronto Reference Library,35000374,Education & Social Services,434841
Victoria Village Library,35000375,Education & Social Services,5383
Taylor Memorial Library,35000372,Education & Social Services,5000
Thorncliffe Library,35000373,Education & Social Services,11034
St Lawrence Library,35000370,Education & Social Services,4833
Steeles Library,35000371,Education & Social Services,5509
Spadina Road Library,35000368,Education & Social Services,3952
St Clair Silverthorn Library,35000369,Education & Social Services,4587
1440 Lake Shore Blvd W,35000382,Utilities / Infrastructure,1
Algonguin Island Sewage Pumping Station,35000383,Utilities / Infrastructure,75
York Woods Library,35000380,Education & Social Services,42176
Yorkville Library,35000381,Education & Social Services,9053
Woodview Park Library,35000378,Education & Social Services,6658
Wychwood Library,35000379,Education & Social Services,6381
Weston Library,35000376,Education & Social Services,11944
Woodside Square Library,35000377,Education & Social Services,9792
Parliament Library,35000358,Education & Social Services,14634
Perth Dupont Library,35000359,Education & Social Services,3627
Pape Danforth Library,35000356,Education & Social Services,8175
Parkdale Library,35000357,Education & Social Services,24083
Oakwood Village Library,35000354,Education & Social Services,17270
Palmerston Library,35000355,Education & Social Services,8493
Northern Elms Library,35000352,Education & Social Services,3936
NY Central Pop-up Library,35000353,Education & Social Services,1600
Sanderson Library,35000366,Education & Social Services,12702
Scarborough Civic Centre Library,35000367,Education & Social Services,14500
Runnymede Library,35000364,Education & Social Services,12034
S Walter Stewart Library,35000365,Education & Social Services,25847
Richview Library,35000362,Education & Social Services,47252
Riverdale Library,35000363,Education & Social Services,9658
Pleasant View Library,35000360,Education & Social Services,7000
Rexdale Library,35000361,Education & Social Services,5088
Mimico Sewage Pumping Station,35000406,Utilities / Infrastructure,4435
New Toronto Pumping Station,35000407,Utilities / Infrastructure,2067
Midland Sewage Pumping Station,35000404,Utilities / Infrastructure,1
Military Trail Sewage Pumping Station,35000405,Utilities / Infrastructure,1
Lower Simcoe Storm Pumping Station,35000402,Utilities / Infrastructure,1
Martin Grove Sewage Pumping Station,35000403,Utilities / Infrastructure,1
Livingston Rd Sewage Pumping Station,35000400,Utilities / Infrastructure,1
Long Branch Sewage Pumping Station,35000401,Utilities / Infrastructure,3068
Sewells Rd Sewage Pumping Station,35000414,Utilities / Infrastructure,1
Silver Birch Ave Sewage Pumping Station,35000415,Utilities / Infrastructure,1
Riverside Sewage Pumping Station,35000412,Utilities / Infrastructure,1
Scott Sewage Pumping Station,35000413,Utilities / Infrastructure,1
Redlands Sewage Pumping Station,35000410,Utilities / Infrastructure,1
Ridgevalley Sewage PS,35000411,Utilities / Infrastructure,1
Port Union Sewage Pumping Station,35000408,Utilities / Infrastructure,1
Queensway Sewage Pumping Station,35000409,Utilities / Infrastructure,1
Cumber Sewage Pumping Station,35000390,Utilities / Infrastructure,635
Ellis Ave Sewage Pumping Station,35000391,Utilities / Infrastructure,1
Charles Caccia Park Pumping Station,35000388,Utilities / Infrastructure,1
Copeland Sewage PS,35000389,Utilities / Infrastructure,1
Brickyard Pumping Station,35000386,Utilities / Infrastructure,1
Brule Gardens Sewage Pumping Station,35000387,Utilities / Infrastructure,151
Baby Point Sewage Pumping Station,35000384,Utilities / Infrastructure,1
Berry Rd Sewage Pumping Station,35000385,Utilities / Infrastructure,7244
Kennedy Park Sewage Pumping Station,35000398,Utilities / Infrastructure,151
Kingston Rd Sewage Pumping Station,35000399,Utilities / Infrastructure,1
Humber Sewage Pumping Station,35000396,Utilities / Infrastructure,1
Island Rd Sewage Pumping Station,35000397,Utilities / Infrastructure,1
Greyabbey Trail Sewage Pumping Station,35000394,Utilities / Infrastructure,1001
Highfield Sewage Pumping Station,35000395,Utilities / Infrastructure,1
Fallingbrook Sewage Pumping Station,35000392,Utilities / Infrastructure,1
Grand River Sewage Pumping Station,35000393,Utilities / Infrastructure,1
808 Mt. Pleasant Rd.,35000438,Other-Public Services,1
877 Yonge Street,35000439,Other-Public Services,188170
5800 Yonge St,35000436,Other-Public Services,84366
7 Wardlaw Cres,35000437,Other-Public Services,1470
233 Carlton St (Drop-in Centre),35000434,Other-Public Services,12754
545 Lakeshore Blvd W (Homes First),35000435,Other-Public Services,90040
1684 Queen St,35000432,Other-Public Services,1
222 Spadina Ave,35000433,Other-Public Services,72301
Dixon Hall Respite,35000446,Other-Public Services,10000
Downsview Dell,35000447,Other-Public Services,5199
Bellwoods House,35000444,Other-Public Services,3224
Birkdale Residence,35000445,Other-Public Services,35692
Asquith Green Social Housing,35000442,Other-Public Services,6329
Assessment & Referral Ctr,35000443,Other-Public Services,11780
9 Wardlaw Cres,35000440,Other-Public Services,1632
Adelaide Resource Centre for Women,35000441,Other-Public Services,15888
Warren Park Sewage Pumping Station,35000422,Utilities / Infrastructure,1
West Point Sewage Pumping Station,35000423,Utilities / Infrastructure,1
Valleymede Sewage Pumping Stn,35000420,Utilities / Infrastructure,1
Ward's Island Sewage Pumping Station,35000421,Utilities / Infrastructure,1
Swansea Sewage Pumping Station,35000418,Utilities / Infrastructure,527
Todmorden Mills Pumping Station,35000419,Utilities / Infrastructure,1
Southport St Sewage Pumping Station,35000416,Utilities / Infrastructure,1
Strachan Sewage Pumping Station,35000417,Utilities / Infrastructure,1
101 Placer Court,35000430,Other-Public Services,19200
1155 King St W (Respite),35000431,Other-Public Services,9000
Main Treatment Plant,35000428,Utilities / Infrastructure,378438
North Toronto Treatment Plant,35000429,Utilities / Infrastructure,21786
Highland Creek Treatment Plant,35000426,Utilities / Infrastructure,255395
Humber Treatment Plant,35000427,Utilities / Infrastructure,224869
West Rouge Sewage Pumping Station,35000424,Utilities / Infrastructure,3229
Wirral Crt Sewage Pumping Station,35000425,Utilities / Infrastructure,1
668A The Queensway,35000470,Other-Public Services,1
705 Progress Ave (Library Storage),35000471,Other-Public Services,5001
5 Bartonville Ave,35000468,Other-Public Services,3606
545 Commissioners St,35000469,Other-Public Services,32679
4001 Kingston Rd,35000466,Other-Public Services,1
46A Chartway Blvd,35000467,Other-Public Services,1
2 Sheffield St,35000464,Other-Public Services,1
2200 Yonge St,35000465,Other-Public Services,1
Bering Yd - Garage (Bldg D),35000478,Other-Public Services,7589
Bering Yd - Maintenance (Bldg B),35000479,Other-Public Services,13401
Bering Truck Shelter,35000476,Other-Public Services,8633
Bering Yd - Admin (Bldg E),35000477,Other-Public Services,9698
Bentworth Park Yard - Bldg 1,35000474,Other-Public Services,5554
Bentworth Park Yard - Bldg 2,35000475,Other-Public Services,6330
Alliance Overhead Shop,35000472,Other-Public Services,34952
Alness Yard,35000473,Other-Public Services,25715
Homes First GSR Site,35000454,Other-Public Services,14634
Islington Seniors' Shelter,35000455,Other-Public Services,21328
GSR Transition Site (705 Progress),35000452,Other-Public Services,26730
GSR Transition Site (731 Runnymede Rd),35000453,Other-Public Services,19383
Fred Victor Respite,35000450,Other-Public Services,9000
GSR Transition Site (2299 Dundas),35000451,Other-Public Services,22648
Family Residence,35000448,Other-Public Services,39999
Fort York Residence,35000449,Other-Public Services,25995
150 Disco Rd,35000462,Other-Public Services,10570
1904 Brimley Rd.,35000463,Other-Public Services,301
Women's Residence,35000460,Other-Public Services,28255
YWCA Women's Shelter,35000461,Other-Public Services,17000
Seaton House,35000458,Other-Public Services,97995
Warden Woods Respite,35000459,Other-Public Services,7565
Robertson House,35000456,Other-Public Services,19795
Scarborough Village Residence,35000457,Other-Public Services,29870
Finch Yard,35000502,Other-Public Services,148198
Former PMMD Warehouse,35000503,Other-Public Services,22604
Ellesmere Yard,35000500,Other-Public Services,138069
Emery Parks Yard,35000501,Other-Public Services,18998
Eastern Ave Yard - Office,35000498,Other-Public Services,84701
Eglinton Flats Service Building,35000499,Other-Public Services,5705
Dufferin Maintenance Yard,35000496,Other-Public Services,31667
Eastern Ave Yard  - Equipment Shop,35000497,Other-Public Services,9698
Kipling Yard - Toronto Water,35000510,Other-Public Services,11001
Leslie Barns,35000511,Other-Public Services,279862
Kipling & Steeles,35000508,Other-Public Services,1
Kipling Yard - PF&R,35000509,Other-Public Services,27373
Joel Weeks Park - Storage Bldg,35000506,Other-Public Services,183
King St Yard,35000507,Other-Public Services,83485
Hamilton Street Yard,35000504,Other-Public Services,2756
Ingram Yard,35000505,Other-Public Services,23907
Brimley Parks Yard,35000486,Other-Public Services,2809
Caledonia Road Service Yard,35000487,Other-Public Services,1981
Birchmount Park Yard,35000484,Other-Public Services,15317
Booth Avenue Yard,35000485,Other-Public Services,236645
Bermondsey Yard - SWM,35000482,Other-Public Services,66155
Bermondsey Yard - Transportation,35000483,Other-Public Services,4618
Bering Yd - Storage (Bldg F),35000480,Other-Public Services,9881
Bering Yd - Warehouse (Bldg A),35000481,Other-Public Services,4596
Disco Yd Bldg C- Vehicle Maint,35000494,Other-Public Services,22959
Disco Yd Bldg D- North Garage,35000495,Other-Public Services,24445
Disco Yd Bldg A- Employee Bldg,35000492,Other-Public Services,7998
Disco Yd Bldg B- South Garage,35000493,Other-Public Services,28029
Danforth Carhouse & Garage,35000490,Other-Public Services,62834
Disco Blower Station,35000491,Other-Public Services,37975
Castlefield Yard,35000488,Other-Public Services,36447
Centennial Park Service Building,35000489,Other-Public Services,1023
Toryork Yard,35000534,Other-Public Services,26404
Train Storage Building,35000535,Other-Public Services,30849
Toronto Island Service Yard,35000533,Other-Public Services,34724
Russell Carhouse,35000530,Other-Public Services,232619
Sixth St Garage,35000531,Other-Public Services,6997
Property Operation Garage,35000528,Other-Public Services,12034
Rockcliffe Yard,35000529,Other-Public Services,14047
Bloor Islington Storm Pumping Station,35000542,Other-Public Services,355
Eglinton-Bellamy Storm Pumping Station,35000543,Other-Public Services,441
Yonge Street Yard,35000540,Other-Public Services,20247
Battery Park Storm Pumping Station,35000541,Other-Public Services,1
Whitlam Warehouse,35000538,Other-Public Services,24865
Winter Maintenance Depot,35000539,Other-Public Services,12152
Wellington Yard & Office,35000536,Other-Public Services,2164
Western Yard (Obico),35000537,Other-Public Services,1
Morningside Yard,35000518,Other-Public Services,14779
Mt. Dennis Bus Garage,35000519,Other-Public Services,710493
Merton Yard & Sprint Office,35000517,Other-Public Services,32044
Maintenance Yard #7,35000514,Other-Public Services,11862
Marylin Bell Park Water Equipment Shed,35000515,Other-Public Services,700
Leslie Yard,35000512,Other-Public Services,6135
Maintenance Yard #5,35000513,Other-Public Services,7524
Oriole Yard (PF&R),35000526,Other-Public Services,13046
Pharmacy Yard,35000527,Other-Public Services,1851
Northline Parks and Garage,35000524,Other-Public Services,50041
Oriole Yard,35000525,Other-Public Services,26759
North East District Salt Dome,35000522,Other-Public Services,9526
Northern Services Building,35000523,Other-Public Services,5769
Murray Yard,35000520,Other-Public Services,38760
Nashdene Yard,35000521,Other-Public Services,24176
302 Wilson Hts Blvd,35000566,Other-Public Services,1
4 Don Valley Parkway,35000567,Other-Public Services,1
23 Peele Ave,35000564,Other-Public Services,1
254 Ranee Ave,35000565,Other-Public Services,1
2077 Lake Shore Blvd W,35000562,Other-Public Services,1
2120 Lake Shore Blvd W,35000563,Other-Public Services,1
2000 Lake Shore,35000560,Other-Public Services,1
2002 Lake Shore Blvd W,35000561,Other-Public Services,1
80 Pottery Rd,35000574,Other-Public Services,1
833 Royal York,35000575,Other-Public Services,1
715 Bloor St E-Pole 133 Viewndr/,35000572,Other-Public Services,1
80 Grenoble Dr,35000573,Other-Public Services,1
558 Wilson Ave,35000570,Other-Public Services,1
590 Lake Shore Blvd E,35000571,Other-Public Services,1
402 Sewells Rd,35000568,Other-Public Services,1
4881 Yonge St,35000569,Other-Public Services,1
0 Gardiner Expressway,35000550,Other-Public Services,1
0 Wickman Rd-Near Fordhs,35000551,Other-Public Services,1
Warden Ave Storm PS,35000548,Other-Public Services,462
0 Don Valley Pkwy,35000549,Other-Public Services,1
North Queen St Storm Pumping Station,35000546,Other-Public Services,676
Roxborough Parkette,35000547,Other-Public Services,304
Islington Storm Pumping Station,35000544,Other-Public Services,450
Kenilworth Tank Storm Pumping Station,35000545,Other-Public Services,78
1605 King St. W,35000558,Other-Public Services,1
195 Glen Park Ave,35000559,Other-Public Services,1
1230 Eglinton Ave E,35000556,Other-Public Services,1
1585 Lake Shore Blvd W,35000557,Other-Public Services,1
1161 York Mills Rd,35000554,Other-Public Services,1
12 St. Dunstan Dr.,35000555,Other-Public Services,1
1 Simcoe St,35000552,Other-Public Services,1
100 St Lawrence St,35000553,Other-Public Services,1
13 Barberry Pl,35000598,Other-Public Services,1
155 Harbour Street De-Icing Pump,35000599,Other-Public Services,1
Scarborough Transfer Station,35000596,Other-Public Services,96595
Victoria Park Transfer Station,35000597,Other-Public Services,83959
Dufferin Transfer Station,35000594,Other-Public Services,120663
Ingram Drive Transfer Station,35000595,Other-Public Services,112268
Commissioners St Transfer Stn,35000592,Other-Public Services,76424
Disco Road Transfer Station,35000593,Other-Public Services,57049
4423 Eglinton Ave W,35000606,Other-Public Services,1
4445 Eglinton Ave W,35000607,Other-Public Services,1
4201 Eglinton Ave W,35000604,Other-Public Services,1
4421 Eglinton Ave W,35000605,Other-Public Services,1
3 Morningview Trail,35000602,Other-Public Services,1
3460 Midland Ave,35000603,Other-Public Services,1
23 Barberry Pl,35000600,Other-Public Services,1
290 Dean Park Rd,35000601,Other-Public Services,1
Street Lighting East York,35000582,Other-Public Services,1
Street Lighting Etobicoke,35000583,Other-Public Services,1
Sidney Belsey Cres,35000580,Other-Public Services,1
St James Town,35000581,Other-Public Services,1
Metro 27 Lighting,35000578,Other-Public Services,1
Nyctophilia,35000579,Other-Public Services,1
BlueGold Variation,35000576,Other-Public Services,1
Don Mills Rd.,35000577,Other-Public Services,1
Traffic Control Signals,35000590,Other-Public Services,1
Bermondsey Transfer Station,35000591,Other-Public Services,48976
Toronto Island Street Lighting,35000588,Other-Public Services,1
Advance Traffic Management,35000589,Other-Public Services,1
Street Lighting Toronto,35000586,Other-Public Services,1
Street Lighting York,35000587,Other-Public Services,1
Street Lighting North York,35000584,Other-Public Services,1
Street Lighting Scarborough,35000585,Other-Public Services,1
2800 Steeles Ave W,35000630,Transportation,1
298 Dundas St W Pole 76,35000631,Transportation,2
24 Alness St,35000628,Transportation,1
27 Lascelles Blvd,35000629,Transportation,1
1873 Bloor Street W,35000626,Transportation,1
20 The Queensway,35000627,Transportation,1
1577 Danforth Ave Unit Ttcpkg,35000624,Transportation,1
1635 Danforth Ave,35000625,Transportation,1
554 Queen St W Pole 186,35000638,Transportation,1
700 Arrow Rd,35000639,Transportation,230000
366 Old Weston Rd,35000636,Transportation,1
406 Victoria Park Ave Pole Opp 3,35000637,Transportation,1
300 Transit Rd,35000634,Transportation,1
348 Queens Quay W,35000635,Transportation,1
3 Spadina Ave Pole 5,35000632,Transportation,1
30 Denton Ave,35000633,Transportation,1
Bus Shelter Lighting,35000614,Other-Public Services,267
King-Liberty Bridge,35000615,Other-Public Services,1
86 Ingram Dr.,35000612,Other-Public Services,1
949 Wilson Ave,35000613,Other-Public Services,1
617 Vaughan Rd,35000610,Other-Public Services,1
760 Victoria Park Ave,35000611,Other-Public Services,1
519 Conlins Rd,35000608,Other-Public Services,1
608 Bellamy Rd,35000609,Other-Public Services,1
1328 Lansdowne Ave,35000622,Transportation,1
15 Price St,35000623,Transportation,1
1 Ranleigh - Fire Vent,35000620,Transportation,1
128 York St Pole 50,35000621,Transportation,1
Steeles Bridge Over Rouge,35000618,Other-Public Services,1
Union Station,35000619,Transportation,986748
Snow Melter Cisa,35000616,Other-Public Services,1
Snow Storage Facility,35000617,Other-Public Services,1
Coxwell Subway Stn,35000662,Transportation,1
Danforth Substation,35000663,Transportation,1
College Subway Stn,35000660,Transportation,1
Coxwell Substation,35000661,Transportation,1
Chester Subway Stn,35000658,Transportation,1
Christie Subway Stn,35000659,Transportation,1
Casa Loma Substation,35000656,Transportation,1
Castle Frank Subway Stn,35000657,Transportation,1
Downsview Park Stn,35000670,Transportation,1
Dufferin Gate Loop,35000671,Transportation,1
Don Mills Substation,35000668,Transportation,1
Donlands Subway Stn,35000669,Transportation,1
Davisville Subway Stn,35000666,Transportation,1
Delaware Substation,35000667,Transportation,1
Davisville Garage & Shop,35000664,Transportation,120450
Davisville Substation,35000665,Transportation,1
Beaches Substation,35000646,Transportation,1
Bedford Substation,35000647,Transportation,1
Bay Subway Stn,35000644,Transportation,1
Bayview Substation,35000645,Transportation,1
Asquith Substation,35000642,Transportation,1
Bathurst Subway Stn,35000643,Transportation,1
715 Spadina Ave,35000640,Transportation,1
996 WOODBINE AVE,35000641,Transportation,1
Carlaw Substation,35000654,Transportation,1
Carpark 654,35000655,Transportation,1
Broadview Substation,35000652,Transportation,1
Broadview Subway Stn,35000653,Transportation,1
Birchmount Rd,35000650,Transportation,1
Bloor Subway Stn,35000651,Transportation,1
Berwick Substation,35000648,Transportation,1
Birchmount Bus Garage,35000649,Transportation,150996
Hillcrest Substation,35000694,Transportation,1
"Hillcrest, Gunn, Bathurst Garage",35000695,Transportation,295000
High Park Subway Stn,35000692,Transportation,1
Highway 407 Stn,35000693,Transportation,1
Gunns Loop,35000690,Transportation,1
Harbourfront Substation,35000691,Transportation,2071
Greenwood Substation,35000688,Transportation,1
Greenwood Subway Stn,35000689,Transportation,1
Jane & Eglinton (SW),35000702,Transportation,1
Jane Substation,35000703,Transportation,1
Islington Subway Stn,35000700,Transportation,1
Jane & Eglinton (NE),35000701,Transportation,1
Indian Grove Substation,35000698,Transportation,1
Islington Substation,35000699,Transportation,1
Humber Loop,35000696,Transportation,1
Humber Loop Substation,35000697,Transportation,1
Eglinton Garage,35000678,Transportation,120986
Eglinton West Subway Stn,35000679,Transportation,1
Dupont Subway Stn,35000676,Transportation,1
Eglington Subway Stn,35000677,Transportation,1
Dundas Subway Stn,35000674,Transportation,1
Dundas W Subway Stn,35000675,Transportation,1
Dufferin Subway Stn,35000672,Transportation,1
Duncan  Substation,35000673,Transportation,1
Glencairn Subway Stn,35000686,Transportation,1
Granby Substation,35000687,Transportation,1
Freshmeadow & Don Mills (NE),35000684,Transportation,1
Glenayr Substation,35000685,Transportation,1
Finch Substation,35000682,Transportation,1
Finch West Stn,35000683,Transportation,1
Ellesmere Substation,35000680,Transportation,1
Fairholme Substation,35000681,Transportation,1
Museum Subway Stn,35000726,Transportation,1
Neilson & Ellesmere (NE),35000727,Transportation,1
McNicoll Bus Garage,35000724,Transportation,830283
Meadowvale Loop,35000725,Transportation,1
Malvern Garage & Shop,35000722,Transportation,574125
McCowan Substation,35000723,Transportation,1
Long Branch Substation,35000720,Transportation,1
Main Street Subway Stn,35000721,Transportation,1
Osgoode Subway Stn,35000734,Transportation,1
Ossington Substation,35000735,Transportation,1
Old Mill Subway Stn,35000732,Transportation,1
Orde Substation,35000733,Transportation,1
North York Ctr Subway Stn,35000730,Transportation,1
Oakvale Substation,35000731,Transportation,1
Neilson & Ellesmere (SW),35000728,Transportation,1
Neville Park Loop,35000729,Transportation,1
Kipling Substation,35000710,Transportation,1
Lakeshore Garage & Shop,35000711,Transportation,305356
Kipling & Dixon (NW),35000708,Transportation,1
Kipling & Dixon (SW),35000709,Transportation,1
Kennedy Substation,35000706,Transportation,1
King Subway Stn,35000707,Transportation,1
Jane Subway Stn,35000704,Transportation,1
Keele Subway Stn,35000705,Transportation,1
Leslie  Substation,35000718,Transportation,1
Lippincott Substation,35000719,Transportation,1
Lawrence Substation,35000716,Transportation,1
Lawrence Subway Stn,35000717,Transportation,1
Lansdowne Subway Stn,35000714,Transportation,1
Lawrence East Substation,35000715,Transportation,1
Lakeshore Substation,35000712,Transportation,1
Lansdowne Substation,35000713,Transportation,1
Sherbourne Subway Stn,35000758,Transportation,1
Spadina North Subway Stn,35000759,Transportation,1
Sheppard West Substation,35000756,Transportation,1
Sheppard Yonge Substation,35000757,Transportation,1
Runnymede Subway Stn,35000754,Transportation,1
Russell Substation,35000755,Transportation,1
Royal York Subway Stn,35000752,Transportation,1
Runnymede Rd Unit Loop,35000753,Transportation,1
Summerhill Subway Stn,35000766,Transportation,1
Toronto-York Spadina Subway,35000767,Transportation,1
St Patrick Subway Stn,35000764,Transportation,1
Sumach Substation,35000765,Transportation,1
St Clair Subway Stn,35000762,Transportation,1
St Clair West Subway Stn,35000763,Transportation,1
Spadina Subway Stn,35000760,Transportation,1
St Andrew Subway Stn,35000761,Transportation,1
Pleasant Substation,35000742,Transportation,1
Prince Edward Substation,35000743,Transportation,1
Park Hill Substation,35000740,Transportation,1
Pioneer Village Stn,35000741,Transportation,1
Overlea & Thorncliffe (SW),35000738,Transportation,1
Pape Subway Stn,35000739,Transportation,1
Ossington Subway Stn,35000736,Transportation,1
Overlea & Thorncliffe (NW),35000737,Transportation,1
Roncesvalles Substation,35000750,Transportation,1
Rosedale Subway Stn,35000751,Transportation,1
Richmond Substation,35000748,Transportation,1
Rockcliffe Pole Yard,35000749,Transportation,1
Queens Quay Ferry Docks Terminal,35000746,Transportation,1
Queensway Garage & Shop,35000747,Transportation,123426
Queen St W Subway Station,35000744,Transportation,1
Queens Park Subway Stn,35000745,Transportation,1
1739 Bayview,35000790,Other-Public Services,1
2427 Gerrard St E,35000791,Other-Public Services,1
139A Dupont St.,35000788,Other-Public Services,1
150 Disco Rd (Blower Enclosure),35000789,Other-Public Services,1
York Mills Substation,35000786,Transportation,1
Yorkdale Subway Stn,35000787,Transportation,1
Woodbine Subway Stn,35000784,Transportation,1
Yonge & Steeles Ave E (SW),35000785,Transportation,1
Carlingview Pumping Station,35000798,Other-Public Services,1
Coatsworth Cut Tank,35000799,Other-Public Services,1
Bayview & John,35000796,Other-Public Services,1
Bayview Reservoir,35000797,Other-Public Services,1
83 East Don Roadway,35000794,Other-Public Services,1
Bathurst St,35000795,Other-Public Services,1
3971 Keele St.,35000792,Other-Public Services,1
58 Humberview Rd,35000793,Other-Public Services,1
Vaughan Metro Centre Station,35000774,Transportation,1
Victoria Park & Ellesmere (NW),35000775,Transportation,1
TTC Various Locations,35000772,Transportation,6
Union Subway Stn,35000773,Transportation,1
Trinity Substation,35000770,Transportation,1
TTC Various,35000771,Transportation,24
Town Centre Substation,35000768,Transportation,1
Townsley Substation,35000769,Transportation,1
Wilson Substation,35000782,Transportation,1
Wolseley Loop,35000783,Transportation,1
Warden Subway Stn,35000780,Transportation,1
Wellesley St E Subway Stn,35000781,Transportation,1
Victoria Park Subway Stn,35000778,Transportation,1
Warden Substation,35000779,Transportation,1
Victoria Park & Ellesmere (SE),35000776,Transportation,1
Victoria Park Ave (Bingham Loop),35000777,Transportation,1
Ellesmere Pumping Station,35000822,Utilities / Infrastructure,6243
High Level Pumping Station,35000823,Utilities / Infrastructure,46403
Dorset Pumping Station,35000820,Utilities / Infrastructure,1
Eglinton Pumping Station,35000821,Utilities / Infrastructure,10075
Works and Emergency Serv,35000818,Other-Public Services,1
Armour Heights Pumping Station,35000819,Utilities / Infrastructure,5780
Wilson Heights Pumping Station,35000816,Other-Public Services,1
Woodward & Highland,35000817,Other-Public Services,1
Parkdale Pumping Station,35000830,Utilities / Infrastructure,11227
Riverside Common,35058174,Other-Public Services,8406
Richview Pumping Station,35000831,Utilities / Infrastructure,2357
Lawrence Pumping Station,35000828,Utilities / Infrastructure,15629
Milliken Pumping Station,35000829,Utilities / Infrastructure,1
Keelesdale Park - Pumping Station,35000826,Utilities / Infrastructure,1
Kennedy Pumping Station,35000827,Utilities / Infrastructure,5360
John Street Pumping Station,35000824,Utilities / Infrastructure,112773
Keele Pumping Station,35000825,Utilities / Infrastructure,2745
Old Mill Sewage Pumping Station,35000806,Other-Public Services,1
Riverwood Sewage Pumping Station,35000807,Other-Public Services,1
Lower Riverwood Landfill,35000804,Other-Public Services,1
MacLean Detention Tank,35000805,Other-Public Services,7
Glendale Shaft,35000802,Other-Public Services,1
High Park Sewage Pumping Station,35000803,Other-Public Services,1
Dufferin Reservoir,35000800,Other-Public Services,635
Edenbridge Sewage Blower,35000801,Other-Public Services,1
Stormwater Storage Tank,35000814,Other-Public Services,1
Whitlam Tank,35000815,Other-Public Services,1
Spadina St Clair Reservoir,35000812,Other-Public Services,678
Steelcase Rd,35000813,Other-Public Services,1
Service Chambers,35000810,Other-Public Services,48
Sewer System Chamber,35000811,Other-Public Services,1
Rosehill Reservoir,35000808,Other-Public Services,2023
Rouge Water Tank & Valve House,35000809,Other-Public Services,2142
#43 Police Division,59463393,Public Safety,55444
FIRE STATION 331,59463292,Public Safety,10979
Clarence Park Encampment Trailer,35490439,Other-Public Services,1
229 Richmond St. W,34999094,Administrative / Office,1
2340 Dundas St W (Crossways),34999095,Administrative / Office,1
2118 Danforth Ave - Ward 19 Office,34999092,Administrative / Office,1
2141 Kipling Ave - Ward 1 Office,34999093,Administrative / Office,1
18 Dyas Rd.,34999090,Administrative / Office,73927
2 Civic Centre Court,34999091,Administrative / Office,46145
175 Memorial Park Ave,34999089,Administrative / Office,6394
Archives and Records Centre,34999102,Administrative / Office,39590
Atlantic Ave Storage Bldg,34999103,Administrative / Office,43002
53 Strachan Ave,34999100,Administrative / Office,49213
51 Lisgar,34999099,Administrative / Office,10053
275 Merton St,34999096,Administrative / Office,66747
2800 Keele,34999097,Administrative / Office,1
Old City Hall,34999126,Administrative / Office,350494
Property Dept Workshop,34999127,Administrative / Office,39170
North York Civic Centre,34999124,Administrative / Office,303518
North York District Office,34999125,Administrative / Office,11501
High Park Office,34999122,Administrative / Office,2228
Metro Hall,34999123,Administrative / Office,787186
Golden Mile Employment & Social Services,34999120,Administrative / Office,45000
Health Office - Jane Street Clinic,34999121,Administrative / Office,2540
The Queensway Employment & Social Services,34999134,Administrative / Office,22497
Toronto Island Service Office,34999135,Administrative / Office,20968
South District Office & Workshop,34999132,Administrative / Office,13487
St Lawrence Hall,34999133,Administrative / Office,55413
Scarborough Civic Centre,34999130,Administrative / Office,372868
Scarborough Village Employment & Social Services,34999131,Administrative / Office,1
Public Health HQ,34999128,Administrative / Office,111385
Rexdale Community Hub,34999129,Administrative / Office,96369
City Hall Ancillary Office Building,34999110,Administrative / Office,14768
Dufferin Employment & Social Services,34999111,Administrative / Office,27894
City Clerk's Office (2 Hobson Ave),34999108,Administrative / Office,34843
City Hall,34999109,Administrative / Office,780061
Bridlewood Employment & Social Services,34999106,Administrative / Office,34399
Chaplin Crescent Storage,34999107,Administrative / Office,18299
Attwell Employment & Social Services,34999104,Administrative / Office,20279
Beaches Employment & Social Services,34999105,Administrative / Office,25327
Forestry W District Office,34999118,Administrative / Office,8999
Former Hydro Building,34999119,Administrative / Office,22497
Election Services Building,34999116,Administrative / Office,55004
Etobicoke Civic Centre,34999117,Administrative / Office,154925
East York Civic Centre,34999114,Administrative / Office,67544
Eastville Training Centre,34999115,Administrative / Office,19849
Dyas Road Archive Bldg,34999112,Administrative / Office,28589
East Court & Municipal Services,34999113,Administrative / Office,120104
TPS Station #33,34999158,Other-Public Services,3132
TPS Station #34,34999159,Other-Public Services,13939
TPS Station #31,34999156,Other-Public Services,2831
TPS Station #32,34999157,Other-Public Services,3218
TPS Station #28,34999154,Other-Public Services,1905
TPS Station #30/District 3 Office,34999155,Other-Public Services,16380
TPS Station #22,34999152,Other-Public Services,2583
TPS Station #24,34999153,Other-Public Services,2659
TPS Station #44,34999166,Other-Public Services,2799
TPS Station #45,34999167,Other-Public Services,11496
TPS Station #41,34999164,Other-Public Services,4970
TPS Station #42/District 4 Office,34999165,Other-Public Services,6997
TPS Station #39,34999162,Other-Public Services,1927
TPS Station #40,34999163,Other-Public Services,12798
TPS Station #37,34999160,Other-Public Services,4413
TPS Station #38,34999161,Other-Public Services,5102
Ambulance Headquarters/TPS Station #53,34999142,Other-Public Services,143494
Community Paramedicine/Post 17,34999143,Other-Public Services,13153
York Civic Center,34999140,Administrative / Office,72915
York Humber Employment & Social Services,34999141,Administrative / Office,32980
TPS Station #43/Amelie House,34999138,Administrative / Office,9365
Wellesley Place Employment & Social Services,34999139,Administrative / Office,52108
Toronto Water Centre,34999136,Administrative / Office,64831
Toronto Water Operations Building,34999137,Administrative / Office,16952
TPS Station #18,34999150,Other-Public Services,4930
TPS Station #20/District 2 Office,34999151,Other-Public Services,7782
TPS Station #13,34999148,Other-Public Services,2756
TPS Station #14,34999149,Other-Public Services,4252
TPS Station #11,34999146,Other-Public Services,3574
TPS Station #12,34999147,Other-Public Services,1938
TPS Multi-Function Station #1,34999144,Other-Public Services,29503
TPS Station #10,34999145,Other-Public Services,5005
Ancaster Community Centre,34999190,Recreation & Community,7513
Armour Heights Community Centre,34999191,Recreation & Community,19773
St Clair Comm Tower,34999188,Other-Public Services,1
Amesbury Community Centre,34999189,Recreation & Community,37975
Roselawn Comm Tower,34999187,Other-Public Services,1
Thomas Berry Early Learning & Child Care Centre,34999184,Education & Social Services,9117
Willowridge Early Learning & Child Care Centre,34999185,Education & Social Services,4844
Cedarbrook Community Centre,34999198,Recreation & Community,14951
Church Isabella Resident Coop,34999199,Recreation & Community,19106
Burrows Hall Community Centre,34999196,Recreation & Community,43185
Carmine Stefano Community Centre,34999197,Recreation & Community,57867
Berner Trail Community Centre,34999194,Recreation & Community,10204
Birkdale Community Centre,34999195,Recreation & Community,11733
Banbury Community Centre,34999192,Recreation & Community,9537
Bennington Heights Park,34999193,Recreation & Community,1432
West Animal Centre,34999174,Other-Public Services,6588
Albion Road Early Learning & Child Care Centre,34999175,Education & Social Services,5543
East Animal Centre,34999172,Other-Public Services,12831
North Animal Centre,34999173,Other-Public Services,13218
TPS Station #54,34999170,Other-Public Services,5790
TPS Station #9,34999171,Other-Public Services,1658
TPS Station #46,34999168,Other-Public Services,1572
TPS Station #47,34999169,Other-Public Services,1787
Mount Dennis Early Learning & Child Care Centre,34999182,Education & Social Services,7350
Regent Park Early Learning & Child Care Centre,34999183,Education & Social Services,15963
Kingston Rd Early Learning & Child Care Centre,34999180,Education & Social Services,5500
Malvern Early Learning & Child Care Centre,34999181,Education & Social Services,6501
Danforth Early Learning & Child Care Centre,34999178,Education & Social Services,6351
Jesse Ketchum Early Learning & Child Care Centre,34999179,Education & Social Services,11550
Ancaster Early Learning & Child Care Centre,34999176,Education & Social Services,7018
City Kids Early Learning & Child Care Centre,34999177,Education & Social Services,8460
High Park Nature Centre,34999222,Recreation & Community,2465
High Park Training Centre,34999223,Recreation & Community,2874
Harwood Hall,34999220,Recreation & Community,4306
High Park Forest School,34999221,Recreation & Community,9181
Forest Hill Community Centre,34999218,Recreation & Community,32841
Franklin Horner Community Centre,34999219,Recreation & Community,39500
Falstaff Community Centre,34999216,Recreation & Community,13853
Flemingdon Community Centre,34999217,Recreation & Community,10000
Lawrence Heights Community Centre,34999230,Recreation & Community,22152
Malvern Recreation Centre,34999231,Recreation & Community,106466
L'Amoreaux Community Recreation Centre,34999228,Recreation & Community,25995
Lamp Community Health Centre,34999229,Recreation & Community,26318
Jenner Jean-Marie Community Centre,34999226,Recreation & Community,13207
June Rowlands Park,34999227,Recreation & Community,2777
Horner Avenue Seniors Centre,34999224,Recreation & Community,4252
Islington Seniors Centre,34999225,Recreation & Community,9967
Earl Bales Community Centre,34999206,Recreation & Community,21657
East Scarborough Boys/Girls Club,34999207,Recreation & Community,13972
Driftwood Community Recreation Centre,34999205,Recreation & Community,25015
David Appleton Community Centre,34999202,Recreation & Community,2906
Domenico Di Luca Community Recreation Centre,34999203,Recreation & Community,12895
Curran Hall Community Centre,34999200,Recreation & Community,2508
Davenport 1347,34999201,Recreation & Community,2282
Fairbank Memorial Community Centre,34999214,Recreation & Community,19364
Fairfield Senior Centre,34999215,Recreation & Community,14316
Ellesmere Community Centre,34999212,Recreation & Community,24402
Elmbank Community Centre,34999213,Recreation & Community,14725
Edgehill House,34999210,Recreation & Community,4844
Edithvale Community Centre,34999211,Recreation & Community,24725
Eastview Neighbourhood C.C.,34999208,Recreation & Community,25510
Edgehill Centre,34999209,Recreation & Community,4133
Sir Adam Beck C.C.,34999254,Recreation & Community,7341
Stan Wadlow Clubhouse,34999255,Recreation & Community,10323
Scott Westney House,34999252,Recreation & Community,3046
Seneca Village Community Centre,34999253,Recreation & Community,9408
Regent Park Community Centre,34999250,Recreation & Community,55004
S.H. Armstrong Community Centre,34999251,Recreation & Community,18277
Power House Recreation Centre,34999248,Recreation & Community,5737
Regent Park,34999249,Recreation & Community,6168
Waterfront Neighbourhood Centre,34999262,Recreation & Community,123214
Wellesley Community Centre,34999263,Recreation & Community,41904
Warden Hilltop Community Centre,34999260,Recreation & Community,25995
Wards Island Buildings,34999261,Recreation & Community,2
Thistletown Community Centre,34999258,Recreation & Community,44810
Trace Manes Park Clubhouse,34999259,Recreation & Community,6329
Sunshine Center for Seniors,34999256,Recreation & Community,2250
Tall Pines Community Centre,34999257,Recreation & Community,5188
Niagara C.C,34999238,Recreation & Community,5296
North York Memorial Hall,34999239,Recreation & Community,10473
Mount Dennis Community Centre,34999236,Recreation & Community,3003
New Toronto Seniors Club,34999237,Recreation & Community,3025
Masaryk-Cowan Community Recreation Centre,34999234,Recreation & Community,32270
Milliken Park Recreation Centre,34999235,Recreation & Community,17631
Maple Leaf Cottage,34999232,Recreation & Community,2842
Markdale Preschool,34999233,Recreation & Community,1829
Pelmo Park,34999246,Recreation & Community,2573
Port Union Community Recreation Centre,34999247,Recreation & Community,19978
Oakridge Seniors Bocce Club,34999244,Recreation & Community,4004
Ourland Community Centre,34999245,Recreation & Community,9451
Oakdale Community Centre,34999242,Recreation & Community,10000
Oakridge Community Centre,34999243,Recreation & Community,18600
Northwood Community Centre,34999240,Recreation & Community,36167
O'Connor Community Centre,34999241,Recreation & Community,16254
St Lawrence Market South,34999286,Recreation & Community,99114
Temp - St Lawrence Market North,34999287,Recreation & Community,11711
Spadina House Museum,34999284,Recreation & Community,27588
Spadina Marina Museum,34999285,Recreation & Community,17922
Riverdale Farm,34999282,Recreation & Community,23713
Roundhouse Complex,34999283,Recreation & Community,94001
Montgomery's Inn,34999280,Recreation & Community,7642
Neilson Park Creative Centre,34999281,Recreation & Community,12346
0 Lake Shore Blvd W,34999294,Other-Public Services,431
City Hall Eternal Flame,34999295,Other-Public Services,1
Zion School House,34999293,Recreation & Community,1582
Toronto Botanical Gardens,34999290,Recreation & Community,36953
William Goodwin House,34999291,Recreation & Community,1744
Time and Clock Monument,34999288,Recreation & Community,1
Todmorden Mills,34999289,Recreation & Community,17707
Colborne Lodge,34999270,Recreation & Community,7050
Dawes Crossing,34999271,Recreation & Community,1
Campbell House,34999268,Recreation & Community,3595
Cedar Ridge Creative Centre,34999269,Recreation & Community,13110
West Scarborough N.C,34999266,Recreation & Community,25198
Willowdale Lawn Bowling Club,34999267,Recreation & Community,2293
West Rouge Community Centre,34999265,Recreation & Community,24402
Lakeshore Assembly Hall,34999278,Recreation & Community,14596
Mackenzie House Museum,34999279,Recreation & Community,2573
Gzowski Monument,34999276,Recreation & Community,1
Historic Fort York,34999277,Recreation & Community,22819
Fort York Visitor Centre,34999274,Recreation & Community,123946
Gibson House Museum,34999275,Recreation & Community,8364
Edenbridge Centre,34999272,Recreation & Community,5013
Edwards Gardens,34999273,Recreation & Community,10021
One Yonge Community Centre,37103860,Recreation & Community,51000
St. Lawrence Market North [NEW],60569792,Administrative / Office,21203
Ethennonnhawahstihnen’ CRC & Library,37103960,Recreation & Community,218400
Kew Gardens Outdoor Rink,34999830,Other-Public Services,196
Kew Gardens Park,34999831,Other-Public Services,197
Kenaston Gardens,34999828,Other-Public Services,195
Kenaston Park,34999829,Other-Public Services,1
Keelesdale Park,34999826,Other-Public Services,198
Kempton Howard Park,34999827,Other-Public Services,1
June Callwood Park,34999824,Other-Public Services,193
Keele C.C,34999825,Other-Public Services,194
Knob Hill Public School,34999838,Other-Public Services,199
L'Amoreaux Sports Centre,34999839,Other-Public Services,205
Kirkwood Park,34999836,Other-Public Services,202
Kiwanis Outdoor Pool,34999837,Other-Public Services,201
Kinsdale Park,34999834,Other-Public Services,1
Kirkdene Park,34999835,Other-Public Services,1
Kilgour Parkette,34999832,Other-Public Services,1
Kings Mill Park,34999833,Other-Public Services,1
James Gardens,34999814,Other-Public Services,189
Jean Augustine Park,34999815,Other-Public Services,1
Jack Layton Ferry Terminal,34999812,Other-Public Services,231
James Canning Gardens,34999813,Other-Public Services,1
Jack Evelyn Wiggins Park,34999810,Other-Public Services,1
Jack Goodlad Park,34999811,Other-Public Services,190
Iroquois Park,34999808,Other-Public Services,186
Ivan Forrest Gardens,34999809,Other-Public Services,185
Joseph Sheard Parkette,34999822,Other-Public Services,192
Joseph Tough Park,34999823,Other-Public Services,1
Jonathan Ashbridge Park,34999820,Other-Public Services,947
Joseph Bannon Park,34999821,Other-Public Services,1
Jimmie Simpson Park,34999818,Other-Public Services,1
John Tabor Park,34999819,Other-Public Services,191
Jean Sibelius Square,34999816,Other-Public Services,53
Jeff Healey Park,34999817,Other-Public Services,1
Long Branch Park,34999862,Other-Public Services,1
Lora Hill Park,34999863,Other-Public Services,1
Logan Ave Parkette,34999861,Other-Public Services,215
Lithuania Park,34999858,Other-Public Services,212
Little Norway Park,34999859,Other-Public Services,214
Lillian Park,34999856,Other-Public Services,213
Lisgar Park,34999857,Other-Public Services,211
Maple Leaf Park,34999870,Other-Public Services,224
Margaret Fairley Park,34999871,Other-Public Services,1
Malta Park,34999868,Other-Public Services,223
Manchester Park,34999869,Other-Public Services,1
Maberley Parkette,34999866,Other-Public Services,1
MacGregor Playground,34999867,Other-Public Services,233
Love Crescent Parkette,34999864,Other-Public Services,1
Lytton Park,34999865,Other-Public Services,222
Lanyard Park,34999846,Other-Public Services,221
Larry Sefton Park,34999847,Other-Public Services,1
Lambton Kingsway Pool/Rink,34999844,Other-Public Services,207
Langford Parkette,34999845,Other-Public Services,209
Laburnham Park,34999842,Other-Public Services,1
Lake Front Boathouse,34999843,Other-Public Services,208
L'Amoreux Fieldhouse,34999840,Other-Public Services,203
La Rose Park,34999841,Other-Public Services,204
Leslie Grove Park,34999854,Other-Public Services,210
Liberty Village Park,34999855,Other-Public Services,1
Lee Lifeson Art Park,34999852,Other-Public Services,1
Leonard Linton Park,34999853,Other-Public Services,1
Leaside Lawn Bowling Club,34999850,Other-Public Services,218
Leaside Park Pool,34999851,Other-Public Services,219
Lawren Harris Park,34999848,Other-Public Services,184
Lawren Harris Square,34999849,Other-Public Services,206
Monarch Park,34999894,Other-Public Services,239
Monarch Park Pool,34999895,Other-Public Services,242
Mimico Memorial Park,34999892,Other-Public Services,1
Moatfield Farm Park,34999893,Other-Public Services,230
Millwood Park,34999890,Other-Public Services,235
Milner Parkette,34999891,Other-Public Services,1
Metro Square Eternal Flame,34999888,Other-Public Services,243
Michael Power Park,34999889,Other-Public Services,1
Muirhead Park,34999902,Other-Public Services,246
Murison Park,34999903,Other-Public Services,15
Morse St Playground,34999900,Other-Public Services,245
Mt Pleasant Parkette,34999901,Other-Public Services,241
Moorevale Park,34999898,Other-Public Services,240
Morningside Park,34999899,Other-Public Services,244
Moncur Park,34999896,Other-Public Services,258
Montclair Ave Parkette,34999897,Other-Public Services,1
Maryland Park Tennis Clubhouse,34999878,Other-Public Services,1
Maryvale Park,34999879,Other-Public Services,226
Martin Grove House / Bungalow,34999876,Other-Public Services,232
Martingrove Gardens Park,34999877,Other-Public Services,1
Marie Curtis Park,34999874,Other-Public Services,228
Maria Street Parkette,34999872,Other-Public Services,1
Marian Engel Park,34999873,Other-Public Services,1
Memorial Park,34999886,Other-Public Services,238
Metered Park Lighting,34999887,Other-Public Services,1
McNicoll Park,34999884,Other-Public Services,227
Mel Lastman Square,34999885,Other-Public Services,237
McCleary Park,34999882,Other-Public Services,229
McCowan District Park,34999883,Other-Public Services,1
Matty Eckler Playground,34999880,Other-Public Services,261
McAllister Park,34999881,Other-Public Services,1
Osler Walkway,34999926,Other-Public Services,1
Otter Creek Centre,34999927,Other-Public Services,254
Oriole Park,34999924,Other-Public Services,259
Osler Playground,34999925,Other-Public Services,260
Olympic Island Buildings,34999922,Other-Public Services,255
Orchard Park,34999923,Other-Public Services,1
Old Orchard Park,34999920,Other-Public Services,1
Olive Square Park,34999921,Other-Public Services,1
Perth Avenue Parkette,34999934,Other-Public Services,1
Perth Square Park,34999935,Other-Public Services,266
Parks Various Locations,34999932,Other-Public Services,1
Parkway Forest Park,34999933,Other-Public Services,132
Pantry Park,34999930,Other-Public Services,274
Parklawn Pool/Rink,34999931,Other-Public Services,263
Ourland Pool (outdoor),34999928,Other-Public Services,257
Page Parkette,34999929,Other-Public Services,1
North Humber Park,34999910,Other-Public Services,1
North Toronto Lawn Bowling & Croquet Club,34999911,Other-Public Services,217
North Bendale Park,34999908,Other-Public Services,1
North Bridlewood Park,34999909,Other-Public Services,1
Nightstar Park,34999906,Other-Public Services,1
Norman Jewison Park,34999907,Other-Public Services,1
Nathan Phillips Square,34999904,Other-Public Services,62
Neilson House,34999905,Other-Public Services,249
Oakridge Park,34999918,Other-Public Services,1
Oates Park,34999919,Other-Public Services,253
Oakcrest Parkette,34999916,Other-Public Services,256
Oakdale VIllage Park,34999917,Other-Public Services,252
Northwood Park,34999914,Other-Public Services,251
Norwood Park,34999915,Other-Public Services,248
Northcliffe Parkette,34999912,Other-Public Services,1
Northern Linear Park,34999913,Other-Public Services,1
Regent Park South Rink,34999958,Other-Public Services,294
Rennie Park,34999959,Other-Public Services,283
Redpath Avenue Parkette,34999956,Other-Public Services,1
Regan Park,34999957,Other-Public Services,282
Reading Sprouts Garden,34999954,Other-Public Services,1
Rean Park,34999955,Other-Public Services,1
Randy Padmore Park,34999952,Other-Public Services,77
Ravina Gardens,34999953,Other-Public Services,301
Riverdale Park West,34999966,Other-Public Services,303
Robertson Parkette,34999967,Other-Public Services,1
Rivercrest Rink,34999964,Other-Public Services,1
Riverdale Park East,34999965,Other-Public Services,302
Richview Park,34999962,Other-Public Services,1
Ridge Park,34999963,Other-Public Services,1
Rexlington Park,34999960,Other-Public Services,1
Richmond Gardens Pool (outdoor),34999961,Other-Public Services,284
Port Union Village Common Park,34999942,Other-Public Services,7
Prairie Drive Park,34999943,Other-Public Services,265
Polson Street Park,34999940,Other-Public Services,278
Poplar Plains Parkette,34999941,Other-Public Services,272
Pine Point Pool,34999938,Other-Public Services,268
Playter Gardens,34999939,Other-Public Services,1
Phin Ave Parkette,34999936,Other-Public Services,267
Pine Point Park,34999937,Other-Public Services,8
R.V. Burgess Park,34999950,Other-Public Services,1
Ramsden Park,34999951,Other-Public Services,287
Queen's Park,34999948,Other-Public Services,1
Queensway Park,34999949,Other-Public Services,280
Prince Of Wales Park,34999946,Other-Public Services,277
Princess Park,34999947,Other-Public Services,276
Prescott Parkette,34999944,Other-Public Services,1
Pricefield Road Playground,34999945,Other-Public Services,1
Sentinel Park Baseball,34999990,Other-Public Services,313
Serena Gundy Park,34999991,Other-Public Services,1
Seasons Park,34999988,Other-Public Services,1
Seneca Hill Park,34999989,Other-Public Services,312
Scarborough Village Park Fieldhouse,34999986,Other-Public Services,330
Scarlett Woods Golf Course,34999987,Other-Public Services,333
Sackville Playground,34999984,Other-Public Services,1
Sadra Park,34999985,Other-Public Services,305
Sir Adam Beck Park,34999998,Other-Public Services,1
Sir Adam Beck Rink,34999999,Other-Public Services,317
Sherwood Park,34999996,Other-Public Services,316
Silvio Colella Park,34999997,Other-Public Services,216
Shawn Blu Rose Park,34999994,Other-Public Services,1
Sherbourne Common Park,34999995,Other-Public Services,1
Sergeant Ryan Russell Parkette,34999992,Other-Public Services,1
Seven Oaks Park,34999993,Other-Public Services,321
Rotary Peace Park Pool (outdoor),34999974,Other-Public Services,299
Rouge Beach Park,34999975,Other-Public Services,281
Rosetta Mcclain Gardens,34999972,Other-Public Services,288
Rotary Peace Park,34999973,Other-Public Services,1
Roseneath Park,34999970,Other-Public Services,1
Rosethorn Park,34999971,Other-Public Services,1
Rose Garden Park,34999968,Other-Public Services,290
Rosedale Park,34999969,Other-Public Services,297
Rustic Park,34999982,Other-Public Services,1
Ryerson Community Park,34999983,Other-Public Services,296
Ruddington Park,34999980,Other-Public Services,300
Runnymede Park,34999981,Other-Public Services,289
Royalcrest Rink,34999978,Other-Public Services,291
Roywood Park R.C. Clubhouse,34999979,Other-Public Services,292
Rowntree Mills Park,34999977,Other-Public Services,298
Strathburn Park,35000022,Other-Public Services,1
Sugar Beach Park,35000023,Other-Public Services,327
Steeles Ave and Track & Field Rd,35000020,Other-Public Services,1
Stephenson Park,35000021,Other-Public Services,1
Stanley Park South,35000018,Other-Public Services,1
Starry Park,35000019,Other-Public Services,1
Stanley Greene Park,35000016,Other-Public Services,1
Stanley Park North,35000017,Other-Public Services,326
Suydam Park,35000030,Other-Public Services,311
Sweeney Park,35000031,Other-Public Services,332
Sunnyside Park,35000028,Other-Public Services,320
Superior Park,35000029,Other-Public Services,1
Sunnybrook Stable,35000026,Other-Public Services,271
Sunnydale Acres Park,35000027,Other-Public Services,329
Summerlea Park,35000024,Other-Public Services,328
Sunnybrook Park,35000025,Other-Public Services,308
Southern Linear Park,35000006,Other-Public Services,1
Spadina Road Park,35000007,Other-Public Services,323
Smythe Park,35000004,Other-Public Services,319
Sorauren Avenue Park Fieldhouse,35000005,Other-Public Services,1
Six Points Park,35000002,Other-Public Services,1
Smithfield Park Outdoor Pool,35000003,Other-Public Services,314
Sir Winston Churchill Park,35000000,Other-Public Services,331
Sisken Trail Park,35000001,Other-Public Services,1
St. Alban's Square,35000014,Other-Public Services,1
Stan Wadlow Park,35000015,Other-Public Services,1
St James Park,35000012,Other-Public Services,1
St Jamestown West Park,35000013,Other-Public Services,318
St Clements-Yonge Parkette,35000010,Other-Public Services,1
Spenvalley Park,35000008,Other-Public Services,1
St Andrew's Playground,35000009,Other-Public Services,307
Tubs & Gee Gage Rugby Field,35000054,Other-Public Services,1
Ukranian Canadian Memorial Park,35000055,Other-Public Services,1
Trinity Square,35000052,Other-Public Services,349
Trumpeter Park,35000053,Other-Public Services,1
Trinity Bellwoods Park,35000050,Other-Public Services,338
Trinity Bellwoods Park Outdoor Rink,35000051,Other-Public Services,337
Tournament Park,35000048,Other-Public Services,341
Town Hall Square,35000049,Other-Public Services,1
Vermont Square Park,35000062,Other-Public Services,1
Victoria Memorial Square Park,35000063,Other-Public Services,1
Upper Junction Park,35000060,Other-Public Services,1
Valleyfield Outdoor Rink,35000061,Other-Public Services,353
Unmetered Park Lighting,35000058,Other-Public Services,1
Unwin Nursery,35000059,Other-Public Services,1
Underpass Park,35000056,Other-Public Services,352
University Avenue Islands,35000057,Other-Public Services,351
Thomas Riley Park,35000038,Other-Public Services,346
Thomson Memorial Park,35000039,Other-Public Services,348
Taylor Creek Park,35000036,Other-Public Services,339
The Mission Ground,35000037,Other-Public Services,342
Taddle Creek Park,35000034,Other-Public Services,335
Tam O'shanter Golf Course,35000035,Other-Public Services,343
Syd Cole Park,35000032,Other-Public Services,1
Symington Avenue Playground,35000033,Other-Public Services,1
Toronto Sculpture Gardens,35000046,Other-Public Services,200
Totts Tot Lot,35000047,Other-Public Services,345
Topham Park Clubhouse,35000044,Other-Public Services,344
Toronto Island Filtration Plant,35000045,Other-Public Services,340
Tommy Thompson Park,35000042,Other-Public Services,1125
Topham Park,35000043,Other-Public Services,1
Three Valleys Park,35000040,Other-Public Services,350
TO Ward's Island,35000041,Other-Public Services,1
Westmount Outdoor Pool,35000086,Other-Public Services,376
West Toronto Rail Path,35000084,Other-Public Services,1
Westgrove Outdoor Pool & AIR,35000085,Other-Public Services,367
West Mall Outdoor Pool,35000082,Other-Public Services,374
West Mall Outdoor Rink,35000083,Other-Public Services,364
West Humber Parkland,35000080,Other-Public Services,368
West Lodge Park,35000081,Other-Public Services,1
Willowdale Park,35000094,Other-Public Services,183
Willowdale Park Tennis,35000095,Other-Public Services,369
Wigmore Park,35000092,Other-Public Services,375
Wilket Creek Park,35000093,Other-Public Services,361
Westwood Park,35000090,Other-Public Services,365
Wexford Park,35000091,Other-Public Services,1
Weston Lions Park,35000088,Other-Public Services,378
Westway Outdoor Rink,35000089,Other-Public Services,366
Wanless Park,35000070,Other-Public Services,373
Water's Edge Promenade,35000071,Other-Public Services,1
Wadsworth Park,35000068,Other-Public Services,220
Walter Saunders Memorial Park,35000069,Other-Public Services,1
Vine Avenue Playground,35000066,Other-Public Services,354
Vradenberg Park,35000067,Other-Public Services,1
Viewmount Park,35000064,Other-Public Services,356
Village of Yorkville Park,35000065,Other-Public Services,58
West Deane Outdoor Rink,35000078,Other-Public Services,225
West Deane Park,35000079,Other-Public Services,1
Wells Hill Park,35000076,Other-Public Services,1
West Deane Outdoor Pool,35000077,Other-Public Services,362
Wellesley Park,35000074,Other-Public Services,372
Wellesworth Park,35000075,Other-Public Services,1
Wedgewood Park Outdoor Pool,35000072,Other-Public Services,379
Wedgewood Park Outdoor Rink,35000073,Other-Public Services,363
Carpark 109,35000118,Transportation,35
Carpark 11,35000119,Transportation,55700
Carpark 106,35000116,Transportation,28152
Carpark 107,35000117,Transportation,9384
Carpark 1,35000114,Transportation,43000
Carpark 104,35000115,Transportation,45
50 Richmond St. E,35000112,Administrative / Office,13800
838 Broadview Ave (Parking),35000113,Transportation,1
Carpark 131,35000126,Transportation,28
Carpark 133,35000127,Transportation,1642
Carpark 13,35000124,Transportation,56304
Carpark 130,35000125,Transportation,38
Carpark 116,35000122,Transportation,56
Carpark 12,35000123,Transportation,41993
Carpark 110,35000120,Transportation,8708
Carpark 111,35000121,Transportation,79
Woburn Ave Playground,35000102,Other-Public Services,359
Woburn Park,35000103,Other-Public Services,358
Withrow Park,35000100,Other-Public Services,371
Withrow Park Ice Rink,35000101,Other-Public Services,377
Winchester Square Park,35000098,Other-Public Services,1
Wishing Well Park,35000099,Other-Public Services,380
Winchester Field,35000096,Other-Public Services,370
Winchester Park,35000097,Other-Public Services,1
2696 Eglinton Ave W,35000110,Other-Public Services,14790
437 Rogers Rd,35000111,Administrative / Office,1
Zooview Park,35000108,Other-Public Services,382
21 Connell Crt,35000109,Other-Public Services,19262
York Mills Valley Park,35000106,Other-Public Services,381
Yorkdale Park,35000107,Other-Public Services,1
Woodbine Beach Park,35000104,Other-Public Services,357
Woodbine Park,35000105,Other-Public Services,1
Carpark 180,35000150,Transportation,9149
Carpark 181,35000151,Transportation,329
Carpark 179,35000148,Transportation,25
Carpark 18,35000149,Transportation,77
Carpark 173,35000146,Transportation,24
Carpark 17,35000144,Transportation,85
Carpark 170,35000145,Transportation,9171
Carpark 21,35000158,Transportation,54
Carpark 212,35000159,Transportation,5161
Carpark 202,35000156,Transportation,4223
Carpark 204,35000157,Transportation,8680
Carpark 195,35000154,Transportation,16422
Carpark 20,35000155,Transportation,37
Carpark 188,35000152,Transportation,4223
Carpark 19,35000153,Transportation,15718
Carpark 149,35000134,Transportation,14198
Carpark 150,35000135,Transportation,77887
Carpark 144,35000132,Transportation,33
Carpark 146,35000133,Transportation,37
Carpark 142,35000130,Transportation,27
Carpark 143,35000131,Transportation,88
Carpark 137,35000128,Transportation,3988
Carpark 141,35000129,Transportation,13197
Carpark 167,35000142,Transportation,4692
Carpark 168,35000143,Transportation,15812
Carpark 158,35000140,Transportation,12303
Carpark 164,35000141,Transportation,55
Carpark 156,35000138,Transportation,5396
Carpark 157,35000139,Transportation,4692
Carpark 152,35000136,Transportation,6100
Carpark 155,35000137,Transportation,33
Carpark 260,35000182,Transportation,3050
Carpark 261,35000183,Transportation,29090
Carpark 256,35000180,Transportation,7742
Carpark 26,35000181,Transportation,173030
Carpark 251,35000178,Transportation,43
Carpark 244,35000176,Transportation,20
Carpark 248,35000177,Transportation,3050
Carpark 29,35000190,Transportation,460
Carpark 28,35000188,Transportation,76
Carpark 287,35000189,Transportation,11026
Carpark 277,35000186,Transportation,4457
Carpark 279,35000187,Transportation,3988
Carpark 262,35000184,Transportation,27214
Carpark 271,35000185,Transportation,22991
Carpark 226,35000166,Transportation,4223
Carpark 227,35000167,Transportation,3284
Carpark 223,35000164,Transportation,8680
Carpark 224,35000165,Transportation,43166
Carpark 219,35000162,Transportation,4692
Carpark 220,35000163,Transportation,4223
Carpark 216,35000160,Transportation,53335
Carpark 218,35000161,Transportation,2581
Carpark 240,35000174,Transportation,4223
Carpark 241,35000175,Transportation,7976
Carpark 235,35000172,Transportation,2346
Carpark 231,35000170,Transportation,15249
Carpark 228,35000168,Transportation,5865
Carpark 229,35000169,Transportation,1877
Carpark 503,35000214,Transportation,15014
Carpark 505,35000215,Transportation,2581
Carpark 501,35000212,Transportation,19472
Carpark 502,35000213,Transportation,44
Carpark 5,35000210,Transportation,41603
Carpark 500,35000211,Transportation,9384
Carpark 47,35000208,Transportation,36363
Carpark 48,35000209,Transportation,68
Carpark 52,35000222,Transportation,32300
Carpark 521,35000223,Transportation,5865
Carpark 512,35000220,Transportation,15953
Carpark 517,35000221,Transportation,5396
Carpark 51,35000218,Transportation,144
Carpark 511,35000219,Transportation,13607
Carpark 506,35000216,Transportation,12199
Carpark 508,35000217,Transportation,13607
Carpark 404,35000198,Transportation,120297
Carpark 41,35000199,Transportation,16996
Carpark 402,35000196,Transportation,15718
Carpark 403,35000197,Transportation,100
Carpark 39,35000194,Transportation,37620
Carpark 400,35000195,Transportation,50
Carpark 34,35000192,Transportation,26500
Carpark 36 (Nathan Phillips Square),35000193,Transportation,598473
Carpark 44,35000206,Transportation,19547
Carpark 45,35000207,Transportation,26135
Carpark 42,35000204,Transportation,169
Carpark 43,35000205,Transportation,125023
Carpark 418,35000202,Transportation,7038
Carpark 419,35000203,Transportation,5396
Carpark 410,35000200,Transportation,173
Carpark 414,35000201,Transportation,139
Carpark 81,35000246,Transportation,40
Carpark 82,35000247,Transportation,40
Carpark 80,35000244,Transportation,54
Carpark 801,35000245,Transportation,194483
Carpark 78,35000242,Transportation,93
Carpark 79,35000243,Transportation,21349
Carpark 709,35000240,Transportation,25
Carpark 71,35000241,Transportation,91
Carpark 93,35000254,Transportation,52
Carpark 96,35000255,Transportation,8680
Carpark 89,35000252,Transportation,13841
Carpark 91,35000253,Transportation,33782
Carpark 87,35000250,Transportation,11496
Carpark 88,35000251,Transportation,47
Carpark 84,35000248,Transportation,35
Carpark 85,35000249,Transportation,58
Carpark 653,35000230,Transportation,100
Carpark 653 & 654 Sign,35000231,Transportation,13841
Carpark 64,35000228,Transportation,33782
Carpark 650,35000229,Transportation,17830
Carpark 55,35000226,Transportation,9853
Carpark 602,35000227,Transportation,5630
Carpark 53,35000224,Transportation,49
Carpark 533,35000225,Transportation,5630
Carpark 700,35000238,Transportation,97
Carpark 706,35000239,Transportation,21583
Carpark 674,35000236,Transportation,2815
Carpark 68,35000237,Transportation,45000
Carpark 667,35000234,Transportation,4692
Carpark 670,35000235,Transportation,5396
Carpark 661,35000232,Transportation,6569
Carpark 663,35000233,Transportation,32375
Humber Bay Life Stn,35000278,Public Safety,1830
Intelligence Bureau,35000279,Public Safety,70547
Emergency Task Force,35000276,Public Safety,35995
"Forensic Service, Store & Garage",35000277,Public Safety,62484
Cherry Beach Life Stn,35000274,Public Safety,680
Detective Services Building,35000275,Public Safety,24000
#55 Police Division,35000272,Public Safety,23519
Centre Island Police Division,35000273,Public Safety,1001
Police Marine Hq,35000286,Public Safety,23035
Property Evidence,35000287,Public Safety,7492
Police Garage,35000284,Public Safety,33024
Police Headquarters,35000285,Public Safety,425000
Police Academy,35000282,Public Safety,302735
Police Dog Service,35000283,Public Safety,9440
Leuty Beach,35000280,Public Safety,1000
PMMD Materials Management & Stores,35000281,Public Safety,43992
#31 Police Division,35000262,Public Safety,35489
#32 Police Division,35000263,Public Safety,47652
#22 Police Division,35000260,Public Safety,32270
#23 Police Division,35000261,Public Safety,57264
#13 Police Division,35000258,Public Safety,20344
#14 Police Division,35000259,Public Safety,64200
#11 Police Division,35000256,Public Safety,62000
#12 Police Division,35000257,Public Safety,25780
#53 Police Division,35000270,Public Safety,52183
#54 Police Division (#55 Subunit),35000271,Public Safety,23358
#51 Police Division,35000268,Public Safety,56000
#52 Police Division,35000269,Public Safety,71677
#42 Police Division,35000266,Public Safety,36620
#43 Police Division,35000267,Public Safety,55450
#33 Police Division,35000264,Public Safety,27889
#41 Police Division,35000265,Public Safety,51080
Danforth Coxwell Library,35000310,Education & Social Services,9617
Davenport Library,35000311,Education & Social Services,3604
Cliffcrest Library,35000308,Education & Social Services,4859
College Shaw Library,35000309,Education & Social Services,7684
Cedarbrae Library,35000306,Education & Social Services,31506
Centennial Library,35000307,Education & Social Services,6866
Bridlewood Library,35000304,Education & Social Services,8000
Brookbanks Library,35000305,Education & Social Services,7933
Eatonville Library,35000318,Education & Social Services,12203
Eglinton Square Library,35000319,Education & Social Services,10000
Dufferin St Clair Library,35000316,Education & Social Services,11208
East Service Building,35000317,Education & Social Services,20040
Don Mills Library,35000314,Education & Social Services,21563
Downsview Library,35000315,Education & Social Services,20016
Dawes Road Library,35000312,Education & Social Services,6740
Deer Park Library,35000313,Education & Social Services,16558
Albion Library,35000294,Education & Social Services,29000
Amesbury Park Library,35000295,Education & Social Services,6320
Agincourt Library,35000292,Education & Social Services,27000
Albert Campbell Library,35000293,Education & Social Services,26100
"Radio, Electronics and Telecom",35000290,Public Safety,18000
Traffic Services and Garage,35000291,Public Safety,297988
Property Evidence Unit,35000288,Public Safety,287752
Public Order,35000289,Public Safety,8342
Bloor Gladstone Library,35000302,Education & Social Services,20627
Brentwood Library,35000303,Education & Social Services,17500
Bendale Library,35000300,Education & Social Services,8500
Black Creek Library,35000301,Education & Social Services,5782
Bayview Library,35000298,Education & Social Services,6333
Beaches Library,35000299,Education & Social Services,8000
Annette Street Library,35000296,Education & Social Services,7806
Barbara Frum Library,35000297,Education & Social Services,39223
Fire Station 134,34999318,Public Safety,7126
Fire Station 135,34999319,Public Safety,12718
Fire Station 132,34999316,Public Safety,7664
Fire Station 133,34999317,Public Safety,8062
Fire Station 125,34999314,Public Safety,5813
Fire Station 131,34999315,Public Safety,5845
Fire Station 122,34999312,Public Safety,3046
Fire Station 123,34999313,Public Safety,2497
Fire Station 146,34999326,Public Safety,7535
Fire Station 211/TPS Station #27,34999327,Public Safety,5005
Fire Station 144,34999324,Public Safety,12917
Fire Station 145,34999325,Public Safety,11001
Fire Station 142/TPS Station #15,34999322,Public Safety,5586
Fire Station 143,34999323,Public Safety,2895
Fire Station 135 - OLD,34999320,Public Safety,10592
Fire Station 141,34999321,Public Safety,12500
Fire Academy,34999302,Public Safety,61214
Fire Museum And Storage,34999303,Public Safety,3272
401 Gladstone Av Shelter,34999300,Other-Public Services,1
FM Corporate Services,34999301,Other-Public Services,1
The Guild Inn,34999298,Other-Public Services,13627
Three Points Where Two Lines Meet,34999299,Other-Public Services,1
Old City Hall - Cenotaph,34999296,Other-Public Services,1
Prince Edward Viaduct Lighting Project,34999297,Other-Public Services,1
Fire Station 116,34999310,Public Safety,11776
Fire Station 121,34999311,Public Safety,4219
Fire Station 114/TPS Station #58,34999308,Public Safety,8633
Fire Station 115,34999309,Public Safety,5985
Fire Station 112/TPS Station #55,34999306,Public Safety,7018
Fire Station 113,34999307,Public Safety,4833
Fire Prevention Office,34999304,Public Safety,25898
Fire Station 111/TPS Station #56,34999305,Public Safety,5662
Fire Station 312,34999350,Public Safety,9806
Fire Station 313,34999351,Public Safety,12099
Fire Station 245,34999348,Public Safety,5608
Fire Station 311,34999349,Public Safety,12755
Fire Station 243/TPS Station #29,34999346,Public Safety,5350
Fire Station 244,34999347,Public Safety,5350
Fire Station 241,34999344,Public Safety,5500
Fire Station 242,34999345,Public Safety,5500
Fire Station 325,34999358,Public Safety,10129
Fire Station 331,34999359,Public Safety,10979
Fire Station 323,34999356,Public Safety,10236
Fire Station 324,34999357,Public Safety,13153
Fire Station 321,34999354,Public Safety,7535
Fire Station 322,34999355,Public Safety,7535
Fire Station 314,34999352,Public Safety,11937
Fire Station 315,34999353,Public Safety,7244
Fire Station 223,34999334,Public Safety,7459
Fire Station 224,34999335,Public Safety,3767
Fire Station 221,34999332,Public Safety,11916
Fire Station 222,34999333,Public Safety,6910
Fire Station 214,34999330,Public Safety,4887
Fire Station 215,34999331,Public Safety,5737
Fire Station 212/TPS Station #25,34999328,Public Safety,16501
Fire Station 213,34999329,Public Safety,5048
Fire Station 234,34999342,Public Safety,5350
Fire Station 235,34999343,Public Safety,8902
Fire Station 232,34999340,Public Safety,5350
Fire Station 233,34999341,Public Safety,11001
Fire Station 227,34999338,Public Safety,10484
Fire Station 231,34999339,Public Safety,14241
Fire Station 225,34999336,Public Safety,9085
Fire Station 226,34999337,Public Safety,11808
Fire Station 434,34999382,Public Safety,5188
Fire Station 435,34999383,Public Safety,6889
Fire Station 432,34999380,Public Safety,11765
Fire Station 433,34999381,Public Safety,5038
Fire Station 426,34999378,Public Safety,12486
Fire Station 431,34999379,Public Safety,3907
Fire Station 424,34999376,Public Safety,5866
Fire Station 425,34999377,Public Safety,7955
Fire Warehouse & Mechanical Building,34999390,Public Safety,23002
HUSAR,34999391,Public Safety,11485
Fire Station 445,34999388,Public Safety,11765
Fire Training Centre,34999389,Public Safety,7998
Fire Station 443,34999386,Public Safety,3929
Fire Station 444,34999387,Public Safety,3929
Fire Station 441,34999384,Public Safety,19472
Fire Station 442,34999385,Public Safety,15479
Fire Station 343,34999366,Public Safety,9827
Fire Station 344,34999367,Public Safety,11238
Fire Station 341,34999364,Public Safety,9268
Fire Station 342,34999365,Public Safety,3057
Fire Station 334/TPS Station #36,34999362,Public Safety,13003
Fire Station 335/TPS Station #59,34999363,Public Safety,4402
Fire Station 332,34999360,Public Safety,24865
Fire Station 333,34999361,Public Safety,12723
Fire Station 422,34999374,Public Safety,7944
Fire Station 423,34999375,Public Safety,12335
Fire Station 415,34999372,Public Safety,7804
Fire Station 421,34999373,Public Safety,9461
Fire Station 412,34999370,Public Safety,7029
Fire Station 413,34999371,Public Safety,3929
Fire Station 345,34999368,Public Safety,12809
Fire Station 411,34999369,Public Safety,8762
Ledbury Park,34999414,Recreation & Community,5780
McGregor Park Community Centre,34999415,Recreation & Community,45262
L'Amoreaux Park Yard,34999412,Recreation & Community,1690
L'Amoreaux Tennis Centre,34999413,Recreation & Community,31474
Irving W. Chapley Community Centre,34999410,Recreation & Community,6997
Jimmie Simpson Recreation Centre,34999411,Recreation & Community,43906
Grandravine Community Recreation Centre,34999408,Recreation & Community,33637
Heron Park Community Centre,34999409,Recreation & Community,52377
Angela James Arena,34999422,Recreation & Community,25640
Baycrest Arena,34999423,Recreation & Community,27060
Wallace Emerson Community Centre,34999420,Recreation & Community,51882
Albion Arena,34999421,Recreation & Community,32658
Pleasantview Community Centre,34999418,Recreation & Community,30559
Roding Community Centre,34999419,Recreation & Community,30494
Mitchell Field Community Centre,34999416,Recreation & Community,30182
Oriole Community Centre,34999417,Recreation & Community,64347
Rockcliffe GreenHouse,34999398,Other-Public Services,12271
Agincourt Recreation Centre,34999399,Recreation & Community,93398
High Park Greenhouses,34999396,Other-Public Services,60386
Riverlea Greenhouse,34999397,Other-Public Services,17018
Centennial Park Conservatory,34999394,Other-Public Services,29170
Cloud Gardens,34999395,Other-Public Services,6243
Toryork Office,34999392,Public Safety,42625
Allan Gardens,34999393,Other-Public Services,25177
Gord & Irene Risk Community Centre,34999406,Recreation & Community,44304
Goulding Community Centre,34999407,Recreation & Community,43540
Cummer Park Community Centre,34999404,Recreation & Community,34348
Glenlong Community Centre,34999405,Recreation & Community,10236
Broadlands Community Centre,34999402,Recreation & Community,10667
Centennial Recreation Centre,34999403,Recreation & Community,102376
Birchmount Community Centre,34999401,Recreation & Community,46166
Victoria Village Arena,34999446,Recreation & Community,33637
York Mills Arena,34999447,Recreation & Community,23573
Scarborough Village Recreation Centre,34999445,Recreation & Community,58125
Phil White Arena,34999442,Recreation & Community,25941
Pine Point Arena,34999443,Recreation & Community,32001
Long Branch Arena,34999440,Recreation & Community,25629
Mimico Arena,34999441,Recreation & Community,35607
East York Community Centre,34999454,Recreation & Community,31000
Etobicoke Olympium,34999455,Recreation & Community,139995
Dennis R. Timbrell Resource Centre,34999452,Recreation & Community,34348
Douglas Snow Aquatic Centre,34999453,Recreation & Community,40666
Antibes Park (Community Centre),34999450,Recreation & Community,18492
Beaches Recreation Centre,34999451,Recreation & Community,14445
Albion Pool & Health Club,34999448,Recreation & Community,20688
Annette Community Recreation Centre,34999449,Recreation & Community,20774
Don Montgomery Community Centre,34999430,Recreation & Community,89125
Downsview Arena,34999431,Recreation & Community,34218
Commander Park Recreation Centre,34999428,Recreation & Community,56317
Don MilIs Citivan Arena,34999429,Recreation & Community,27857
Central Arena,34999426,Recreation & Community,32001
Chris Tonks Arena,34999427,Recreation & Community,23638
Bayview Arena,34999424,Recreation & Community,28417
Centennial Park Arena & Stadium,34999425,Recreation & Community,72050
Lambton Arena,34999438,Recreation & Community,24854
Herbert H. Carnegie Centennial Centre,34999436,Recreation & Community,42270
John Booth Memorial Arena,34999437,Recreation & Community,27007
Fenside Arena,34999434,Recreation & Community,26307
Habitant Arena,34999435,Recreation & Community,26307
East York Curling Club,34999432,Recreation & Community,17868
East York Memorial Arena,34999433,Recreation & Community,30257
888 Cosburn Ave (Blower),34999478,Other-Public Services,1
Beare Road Landfill (Closed),34999479,Other-Public Services,5942
Dee Avenue Lab,34999476,Other-Public Services,14994
110 Coe Hill Dr (Blower Enclosure),34999477,Other-Public Services,20
University Settlement,34999474,Recreation & Community,47566
York Recreation Centre,34999475,Recreation & Community,67879
The Elms Pool and Community School,34999472,Recreation & Community,13885
Trinity Community Recreation Centre,34999473,Recreation & Community,36909
100 Rosedale Valley,34999486,Other-Public Services,2691
Storer Landfill,34999484,Other-Public Services,1
1 STRATHMORE BLVD,34999485,Other-Public Services,2383
Donlands Landfill,34999482,Other-Public Services,603
Keele Valley Landfill,34999483,Other-Public Services,10764
Brock North Landfill (Closed),34999480,Other-Public Services,1
Brock West Landfill (Closed),34999481,Other-Public Services,10764
Main Square Community Centre,34999462,Recreation & Community,35123
Mary McCormick Recreation Centre,34999463,Recreation & Community,43099
John Innes Community Recreation Centre,34999460,Recreation & Community,28055
Joseph J. Piccininni Community Centre,34999461,Recreation & Community,70030
Gus Ryder Pool and Health Club,34999458,Recreation & Community,21097
Harrison Pool,34999459,Recreation & Community,15263
Fairmount Park Community Centre,34999456,Recreation & Community,4359
Frankland Community Centre,34999457,Recreation & Community,15308
St Albans Boys Club,34999470,Recreation & Community,23293
St Lawrence Community Recreation Centre,34999471,Recreation & Community,46113
Pam McConnell Aquatic Centre,34999468,Recreation & Community,30505
Scadding Court C.C.,34999469,Recreation & Community,46694
Norseman Community School and Pool,34999466,Recreation & Community,19052
North Toronto Memorial Community Centre,34999467,Recreation & Community,74820
Matty Eckler Recreation Centre,34999464,Recreation & Community,47383
Memorial Pool and Health Club,34999465,Recreation & Community,13444
4200 Eglinton Ave W,34999510,Other-Public Services,2002
43 Edwin Ave,34999511,Other-Public Services,1074
40 DARRELL AVE,34999508,Other-Public Services,962
40 Russell Hill Rd,34999509,Other-Public Services,3735
388 EVANS AVE,34999506,Other-Public Services,7500
39 Commissioners St.,34999507,Other-Public Services,1
30 Woodrow Ave,34999504,Other-Public Services,1
313 Gainsborough Rd,34999505,Other-Public Services,484
73 Spadina,34999518,Other-Public Services,2548
74 Dupont St.,34999519,Other-Public Services,1
610 Bay St,34999516,Other-Public Services,1
705 Progress Ave,34999517,Other-Public Services,1
468 Queen St W (468/470),34999514,Other-Public Services,1
567 ARLINGTON,34999515,Other-Public Services,1066
460 Jarvis St,34999512,Other-Public Services,1
14 Woodrow Ave,34999494,Other-Public Services,1
134 Spadina Rd,34999492,Other-Public Services,3369
136 Spadina Rd,34999493,Other-Public Services,2626
113 Spadina Rd,34999490,Other-Public Services,2982
130 Elizabeth St,34999491,Other-Public Services,1
111 KING ST E,34999488,Other-Public Services,8775
111 Spadina Rd.,34999489,Other-Public Services,4758
292-296 Parliament St,34999502,Other-Public Services,1
3 STRATHMORE BLVD,34999503,Other-Public Services,1328
238 Queen St. W,34999500,Other-Public Services,11930
1845 Kingston Rd,34999498,Other-Public Services,2400
17 Mill St [George S Pratt House],34999496,Other-Public Services,2000
1761 Sheppard Ave E,34999497,Other-Public Services,1
High Park Washroom (Rock Garden),34999542,Other-Public Services,1
10 Daventry Rd,34999543,Other-Public Services,1
High Park Washroom (Children's Garden),34999540,Other-Public Services,1
High Park Washroom (Former Chess Club),34999541,Other-Public Services,1
High Park Train Shed,34999538,Other-Public Services,1
High Park Upper Cherry Washroom,34999539,Other-Public Services,1
High Park Children's Teaching Kitchen,34999536,Other-Public Services,835
High Park Parkside Washroom,34999537,Other-Public Services,1
140 Wellesley St E,34999550,Other-Public Services,1
150 Harrison St [Harrison St Park] - ele,34999551,Other-Public Services,1
139 Marcos Blvd,34999548,Other-Public Services,1
14 Dewhurst Blvd,34999549,Other-Public Services,1
111 St Andrews Rd,34999546,Other-Public Services,1
1231 Queen St W,34999547,Other-Public Services,1
100 Hickory Tree Rd.,34999544,Other-Public Services,166
1094 Lakeshore Blvd W,34999545,Other-Public Services,1
Cummer Lodge,34999526,Education & Social Services,243200
Fudger House,34999527,Education & Social Services,118995
Carefree Lodge,34999524,Education & Social Services,67490
Castleview Wychwood Towers,34999525,Education & Social Services,294447
Greenfield Family Centre - GONE,34999522,Other-Public Services,7384
Bendale Acres,34999523,Education & Social Services,210327
90 Morningside Ave,34999520,Other-Public Services,1
Fire & Life Safety Program Office,34999521,Other-Public Services,3552
"Communication, Traffic, & Computer Centre",34999534,Other-Public Services,132999
High Park Black Oak Cafe,34999535,Other-Public Services,1
Wesburn Manor,34999532,Education & Social Services,150867
25 Via Renzo Drive,34999533,Other-Public Services,13186
Seven Oaks,34999530,Education & Social Services,133311
True Davidson Acres,34999531,Education & Social Services,130082
Kipling Acres,34999528,Education & Social Services,184590
Lakeshore Lodge,34999529,Education & Social Services,88964
71 Ellis Park Rd,34999574,Other-Public Services,1
734 Middlefield Rd,34999575,Other-Public Services,1
65 Dickens St.,34999572,Other-Public Services,1
69 Hayden St (Park),34999573,Other-Public Services,1
585 Queen's Quay West,34999570,Other-Public Services,1
60 Ordnance St.,34999571,Other-Public Services,1
51 Benshire Dr,34999568,Other-Public Services,1
Abbotsford Park,34999582,Other-Public Services,16
Adams Park,34999583,Other-Public Services,18
924 Markham Rd,34999580,Other-Public Services,1
946 Scarborough Golf Club Rd,34999581,Other-Public Services,1
8 Barkwin Dr,34999578,Other-Public Services,12
873 Brimley Rd,34999579,Other-Public Services,1
75 Atria Blvd,34999576,Other-Public Services,1
751 Brimorton Dr,34999577,Other-Public Services,1
3001 McCowan Rd,34999558,Other-Public Services,1
3045 Brimley Rd,34999559,Other-Public Services,1
28 Rean Drive Urban Square Park,34999556,Other-Public Services,1
291 Mill Rd,34999557,Other-Public Services,1
200 Mount Olive Dr,34999554,Other-Public Services,1
21 Ballyconnor,34999555,Other-Public Services,1
180 Roxborough,34999553,Other-Public Services,1
45 Wild Rose Gdns,34999566,Other-Public Services,1
5063 Yonge St Unit Underg,34999567,Other-Public Services,1
45 Dalhousie St,34999564,Other-Public Services,1
45 Dunfield Ave,34999565,Other-Public Services,1
40 Dundas St E,34999562,Other-Public Services,1
4005 Eglinton Ave W,34999563,Other-Public Services,1
3079 Kennedy Rd,34999560,Other-Public Services,1
Barbara Hall Park,34999606,Other-Public Services,81
Bathurst-Wilson Parkette,34999607,Other-Public Services,1
Baird Park,34999604,Other-Public Services,45
Balmoral Park,34999605,Other-Public Services,44
Avonshire Park,34999602,Other-Public Services,28
Avonshire Parkette,34999603,Other-Public Services,29
Atria Park,34999600,Other-Public Services,1
Avondale Park,34999601,Other-Public Services,1
Belmar Park,34999614,Other-Public Services,40
Ben Nobleman,34999615,Other-Public Services,37
Bellbury Park,34999612,Other-Public Services,36
Bellevue Square Park,34999613,Other-Public Services,1
Beaty Boulevard Parkette,34999610,Other-Public Services,34
Beaumonde Heights Park,34999611,Other-Public Services,35
Beaches Park,34999608,Other-Public Services,43
Beaty Avenue Parkette,34999609,Other-Public Services,50
Alexandra Park,34999590,Other-Public Services,32
Allan A Lamport Stadium,34999591,Other-Public Services,21
Alex Duff Memorial Pool,34999588,Other-Public Services,19
Alexander Muir Memorial Gardens,34999589,Other-Public Services,31
Albion Gardens Park,34999586,Other-Public Services,1
Aldwych Park,34999587,Other-Public Services,20
Aitken Place Park,34999584,Other-Public Services,1
Albert Standing Park,34999585,Other-Public Services,22
Ashbridges Bay Park,34999598,Other-Public Services,17
Ashtonbee Reservoir Park,34999599,Other-Public Services,27
Arena Gardens,34999596,Other-Public Services,5
Art Eggleton Park,34999597,Other-Public Services,157
Anniversary Park,34999594,Other-Public Services,25
Anthony Road School Park,34999595,Other-Public Services,26
Amesbury Park,34999592,Other-Public Services,23
Amos Waites Pool,34999593,Other-Public Services,30
Campbell Park,34999638,Other-Public Services,59
Canary District,34999639,Other-Public Services,1
Buttonwood Park,34999636,Other-Public Services,51
Caledonia Park Santo Domingo Baseball Field,34999637,Other-Public Services,55
Brookdale Park,34999634,Other-Public Services,1
Burrows Hall Park,34999635,Other-Public Services,1
Broadview Subway Station Parkette,34999632,Other-Public Services,1
Brookbanks Park,34999633,Other-Public Services,1
Centennial Park Ski and Snowboard Centre,34999646,Other-Public Services,84
Centre Island Buildings,34999647,Other-Public Services,66
Cawthra Playground,34999644,Other-Public Services,83
Centennial Park,34999645,Other-Public Services,1
Cassandra Park,34999642,Other-Public Services,33
Cassels Ave Playground,34999643,Other-Public Services,79
Canoe Landing Park,34999640,Other-Public Services,56
Carlton Park,34999641,Other-Public Services,57
Birchmount Stadium,34999622,Other-Public Services,41
Birunthan Park,34999623,Other-Public Services,1
Bill Johnston Park,34999620,Other-Public Services,1
Birch Park,34999621,Other-Public Services,1
Bestview Park,34999618,Other-Public Services,52
Berczy Park,34999616,Other-Public Services,54
Beresford Park,34999617,Other-Public Services,47
Briar Crest Park,34999630,Other-Public Services,3
Bridlewood Park,34999631,Other-Public Services,48
Bond Park,34999628,Other-Public Services,42
Botany Hill Park,34999629,Other-Public Services,1
Bluehaven Park,34999626,Other-Public Services,1
Bluffer's Park,34999627,Other-Public Services,309
Blantyre Park,34999624,Other-Public Services,38
Bloordale Park,34999625,Other-Public Services,1
Coronation Park - Toronto,34999670,Other-Public Services,75
Corvette Park,34999671,Other-Public Services,1
Corktown Common,34999668,Other-Public Services,1
Coronation Park - Etobicoke,34999669,Other-Public Services,1
Columbus Parkette,34999666,Other-Public Services,69
Connorvale Park,34999667,Other-Public Services,1
Colonel Danforth Park,34999664,Other-Public Services,60
Colonel Samuel Smith Park,34999665,Other-Public Services,80
Cullen Bryant Park,34999678,Other-Public Services,1
Curzon Parkette,34999679,Other-Public Services,1
Cresthaven Park,34999676,Other-Public Services,63
Cudmore Creek Park,34999677,Other-Public Services,1
Courthouse Square,34999674,Other-Public Services,1
Craigleigh Gardens,34999675,Other-Public Services,71
Cosburn Ave Units,34999672,Other-Public Services,74
Cosburn Park,34999673,Other-Public Services,1
Christie Pits,34999654,Other-Public Services,65
Clanton Park,34999655,Other-Public Services,76
Charlottetown Park,34999652,Other-Public Services,82
Chelsea Avenue Playground,34999653,Other-Public Services,64
Charles G. Williams Park,34999650,Other-Public Services,1
Charlotte Maher Park,34999651,Other-Public Services,1
Chaplin Parkette,34999648,Other-Public Services,61
Charles Caccia Park,34999649,Other-Public Services,1
Coleman Park,34999662,Other-Public Services,73
College Park,34999663,Other-Public Services,72
Cloverdale Park,34999660,Other-Public Services,9
Clydesdale Park,34999661,Other-Public Services,70
Close Avenue Parkette,34999658,Other-Public Services,67
Clover Hill Park,34999659,Other-Public Services,1
Clara Will Park,34999656,Other-Public Services,1
Clarence Square Park,34999657,Other-Public Services,1
Downsview Memorial Parkette,34999702,Other-Public Services,1
Dufferin Grove Park,34999703,Other-Public Services,94
Douglas Park,34999700,Other-Public Services,1
Downsview Dells Park,34999701,Other-Public Services,106
Donald D. Summerville Olympic Pool,34999698,Other-Public Services,360
Donnybrook Park,34999699,Other-Public Services,1
Don Valley Golf Course,34999696,Other-Public Services,107
Don Valley Parks,34999697,Other-Public Services,108
Dunlop Parkette,34999710,Other-Public Services,1
Dunn Avenue Parkette,34999711,Other-Public Services,100
Dundas Watkinson Parkette,34999708,Other-Public Services,1
Dunlace Park,34999709,Other-Public Services,99
Dundas Parkette,34999706,Other-Public Services,91
Dundas St Clarens Parkette,34999707,Other-Public Services,103
Dufferin King Park,34999704,Other-Public Services,105
Duncan Creek Park,34999705,Other-Public Services,89
Dell Park,34999686,Other-Public Services,92
Dentonia Park,34999687,Other-Public Services,93
David Crombie Park,34999684,Other-Public Services,88
De Grassi St Park,34999685,Other-Public Services,95
Davenport Village Park,34999682,Other-Public Services,1
David A. Balfour Park,34999683,Other-Public Services,86
Dallington Park,34999680,Other-Public Services,87
Dane Park,34999681,Other-Public Services,1
Don Mills Trail,34999694,Other-Public Services,1
Don Valley Gc Service Bldg,34999695,Other-Public Services,109
Dieppe Park Ice Rink,34999692,Other-Public Services,97
Dixon Park Rink,34999693,Other-Public Services,98
Derrydowns Park,34999690,Other-Public Services,90
Dieppe Park Baseball Clubhouse,34999691,Other-Public Services,101
Dentonia Park Clubhouse,34999688,Other-Public Services,104
Dentonia Park Golf Course,34999689,Other-Public Services,102
Fairhaven Park Outdoor Pool,34999734,Other-Public Services,129
Felstead Avenue Playground,34999735,Other-Public Services,127
Fairbank Park Pool,34999732,Other-Public Services,126
Fairford Avenue Parkette,34999733,Other-Public Services,125
Etobicoke Valley Park,34999730,Other-Public Services,1
Everett Park,34999731,Other-Public Services,1
Ethennonnhawahstihnen (Woodsy) Park,34999728,Other-Public Services,1
Etienne Brule Park,34999729,Other-Public Services,112
G. Ross Lord Park,34999742,Other-Public Services,149
Galloway Park,34999743,Other-Public Services,1
Frank Stollery Parkette,34999740,Other-Public Services,134
Fred Hamilton Playground,34999741,Other-Public Services,130
Forest Hill Road Park,34999738,Other-Public Services,1
Fountainhead Park,34999739,Other-Public Services,133
Firgrove Park,34999736,Other-Public Services,128
Flagstaff Park Outdoor Pool,34999737,Other-Public Services,131
East Point Park,34999718,Other-Public Services,120
East Toronto Athletic Fieldhouse,34999719,Other-Public Services,123
East Lynn Park,34999716,Other-Public Services,119
East Mall Park,34999717,Other-Public Services,1
Earlscourt Park,34999714,Other-Public Services,114
East Don Parkland,34999715,Other-Public Services,115
E.T. Seton Park,34999712,Other-Public Services,124
Earl Bales Park,34999713,Other-Public Services,110
Erwin Krickhan Park,34999726,Other-Public Services,1
Esther Shiner Stadium,34999727,Other-Public Services,122
Elmcrest Park,34999724,Other-Public Services,1
Eringate Pool,34999725,Other-Public Services,121
Elizabeth Simcoe Park,34999722,Other-Public Services,1
Ellerslie Park,34999723,Other-Public Services,1
Eglinton Flats Sport Pavilions,34999720,Other-Public Services,116
Eglinton Park,34999721,Other-Public Services,1
Greenfield Park,34999766,Other-Public Services,1
Greenwood Park,34999767,Other-Public Services,147
Graydon Hall Park,34999764,Other-Public Services,139
Greenbrae Parkette,34999765,Other-Public Services,1
Grange Park,34999762,Other-Public Services,143
Grattan Park,34999763,Other-Public Services,145
Grand Manitoba Park,34999760,Other-Public Services,1
Grandravine Park,34999761,Other-Public Services,1
Havenbrook Park,34999774,Other-Public Services,159
Hawksbury Park,34999775,Other-Public Services,262
Harbour Square Park,34999772,Other-Public Services,176
Harryetta Gardens,34999773,Other-Public Services,158
Halbert Park,34999770,Other-Public Services,156
Hanlan's Point Buildings,34999771,Other-Public Services,171
Greystone Park,34999768,Other-Public Services,6
Gwendolen Park,34999769,Other-Public Services,155
Giltspur Park,34999750,Other-Public Services,140
Giovanni Caboto Pool/Rink,34999751,Other-Public Services,154
Gibson Park,34999748,Other-Public Services,1
Gihon Spring Park Outdoor Pool,34999749,Other-Public Services,152
Geary Avenue Parkette,34999746,Other-Public Services,144
George Webster Park,34999747,Other-Public Services,138
Gamble Park,34999744,Other-Public Services,136
Gateway Park,34999745,Other-Public Services,1
Gracedale Park,34999758,Other-Public Services,146
Grafton Avenue Park,34999759,Other-Public Services,153
Glen Stewart Park,34999756,Other-Public Services,151
Glendora Park,34999757,Other-Public Services,142
Glen Park,34999754,Other-Public Services,1
Glen Rouge Campground,34999755,Other-Public Services,150
Glamorgan Park,34999752,Other-Public Services,141
Glebe Manor Square,34999753,Other-Public Services,1
Hullmar Park Walkway,34999798,Other-Public Services,1
Humber Bay Park East,34999799,Other-Public Services,160
HTO Park,34999796,Other-Public Services,178
HTO Park West,34999797,Other-Public Services,236
Howard Talbot Park,34999794,Other-Public Services,170
Howard Talbot Park Clubhouse,34999795,Other-Public Services,336
Home Smith Park,34999792,Other-Public Services,174
Howard Park Tennis Club,34999793,Other-Public Services,1
Humberwood Park,34999806,Other-Public Services,1
Huron Street Playground,34999807,Other-Public Services,173
Humber Valley Rink,34999804,Other-Public Services,179
Humberline Park,34999805,Other-Public Services,1
Humber Valley Golf Course,34999802,Other-Public Services,180
Humber Valley Golf Service Building,34999803,Other-Public Services,181
Humber Bay Park West,34999800,Other-Public Services,161
Humber Bay Park West Trail,34999801,Other-Public Services,1
High Park Outdoor Ice Rink,34999782,Other-Public Services,172
High Park Outdoor Pool,34999783,Other-Public Services,1
High Park Baseball Diamond,34999780,Other-Public Services,1
High Park Lighting (Unmetered),34999781,Other-Public Services,1
Hideaway Park,34999778,Other-Public Services,165
High Park,34999779,Other-Public Services,168
Heather Heights Park,34999776,Other-Public Services,1
Hendon Park,34999777,Other-Public Services,164
Hinder Property,34999790,Other-Public Services,1
Hodgson Middle School,34999791,Other-Public Services,175
Hillcrest Park,34999788,Other-Public Services,163
Hillsdale Ave Parkette,34999789,Other-Public Services,1
Highland Creek Community Park,34999786,Other-Public Services,162
Highview Park,34999787,Other-Public Services,167
High Park Tennis Club,34999784,Other-Public Services,169
High Park Zoo,34999785,Other-Public Services,1
